,id,name,bat_side,side,avg_batter_y_position,avg_batter_x_position,avg_foot_sep,avg_stance_angle,avg_intercept_y_vs_batter,avg_intercept_y_vs_plate,player_id,attempts,avg_hit_angle,anglesweetspotpercent,max_hit_speed,avg_hit_speed,ev50,fbld,gb,max_distance,avg_distance,avg_hr_distance,ev95plus,ev95percent,barrels,brl_percent,brl_pa,name,year,pa,single,double,triple,home_run,k_percent,bb_percent,batting_avg,slg_percent,on_base_percent,on_base_plus_slg,babip,rbi,total_distance
0,646240,"Devers, Rafael",L,L,22.27937795378408,26.74855120836186,30.539244124985807,-62.21280049105511,24.97605765235433,2.696679698570257,646240.0,59.0,14.3,39.0,110.4,95.6,104.5,97.1,95.6,402.0,180.0,391.0,37.0,62.7,12.0,20.3,11.1,"Devers, Rafael",2025.0,108.0,10.0,7.0,0.0,2.0,28.7,16.7,0.213,0.36,0.343,0.703,0.298,12.0,34.81171747779642
1,671218,"Ramos, Heliot",R,R,25.12690934141645,26.3314323597261,27.614107896845805,-3.0899532824716403,27.65825158302288,2.5313422416064317,671218.0,69.0,11.2,33.3,110.5,89.9,101.6,97.1,86.2,394.0,163.0,363.0,31.0,44.9,8.0,11.6,7.8,"Ramos, Heliot",2025.0,102.0,11.0,7.0,0.0,3.0,25.5,5.9,0.221,0.389,0.275,0.664,0.273,9.0,36.396509491523936
2,596115,"Story, Trevor",R,R,25.37464689131438,29.54474023612442,35.94425120540662,-23.65170903305422,34.736566761472105,9.58966385109916,596115.0,64.0,12.6,39.1,108.7,90.6,103.4,97.0,85.6,427.0,173.0,391.0,35.0,54.7,9.0,14.1,9.7,"Story, Trevor",2025.0,93.0,23.0,2.0,0.0,5.0,26.9,3.2,0.337,0.528,0.366,0.894,0.424,14.0,38.94565932782445
3,694192,"Chourio, Jackson",R,R,24.504448063246148,29.431268175521204,40.65806153942583,1.1255423554876716,28.70612657354853,4.20167851030239,694192.0,76.0,11.0,30.3,110.0,89.4,101.9,97.4,82.1,448.0,163.0,405.0,36.0,47.4,9.0,11.8,8.7,"Chourio, Jackson",2025.0,103.0,12.0,8.0,1.0,5.0,24.3,1.9,0.26,0.51,0.272,0.782,0.296,19.0,38.29709546824374
4,666182,"Bichette, Bo",R,R,26.98413035791039,25.91074274360668,36.2383980977731,2.1110138771750924,24.651266886587795,-2.3328634713225966,666182.0,85.0,10.5,44.7,110.6,91.0,101.8,96.9,87.7,372.0,164.0,0.0,43.0,50.6,7.0,8.2,6.5,"Bichette, Bo",2025.0,108.0,23.0,8.0,0.0,0.0,14.8,4.6,0.31,0.39,0.352,0.742,0.365,13.0,37.41002379975275
5,663586,"Riley, Austin",R,R,28.494309273469447,27.941778509272563,29.6514412873601,-10.784047000645776,35.556966310139444,7.0626570366699895,663586.0,59.0,24.8,50.8,113.2,95.0,106.7,97.8,90.8,444.0,233.0,410.0,34.0,57.6,15.0,25.4,15.8,"Riley, Austin",2025.0,95.0,15.0,4.0,0.0,6.0,32.6,4.2,0.278,0.522,0.316,0.838,0.358,13.0,39.90825287122168
6,677594,"Rodríguez, Julio",R,R,21.8103416614938,30.21929931760124,30.449373353543503,0.4086595865090798,30.59395000465367,8.783608343159877,677594.0,60.0,8.6,30.0,113.3,93.4,103.0,98.0,89.8,438.0,159.0,417.0,32.0,53.3,6.0,10.0,6.0,"Rodríguez, Julio",2025.0,100.0,9.0,2.0,2.0,3.0,25.0,12.0,0.188,0.365,0.31,0.675,0.228,8.0,37.26790917985428
7,592518,"Machado, Manny",R,R,21.59357859191458,31.23839764953784,32.03055549403238,-37.313997471328506,30.96384947333884,9.370270881424268,592518.0,71.0,12.9,36.6,110.9,92.5,103.7,95.8,90.8,401.0,164.0,395.0,40.0,56.3,8.0,11.3,8.4,"Machado, Manny",2025.0,95.0,15.0,9.0,0.0,2.0,14.7,10.5,0.306,0.482,0.379,0.861,0.348,10.0,37.97525673535128
8,663656,"Tucker, Kyle",L,L,27.309307547511608,30.66484310861609,36.84805175675433,-2.643687629236777,28.866462231190127,1.5571546836785188,663656.0,83.0,19.6,42.2,108.1,91.1,100.6,94.6,84.8,427.0,211.0,402.0,38.0,45.8,14.0,16.9,12.3,"Tucker, Kyle",2025.0,114.0,13.0,8.0,2.0,6.0,12.3,14.9,0.302,0.615,0.404,1.019,0.299,23.0,41.06252405296847
9,592206,"Castellanos, Nick",R,R,28.814935576728782,29.30444980091673,28.39278528706232,-5.296276484321542,30.01563205526192,1.200696478533132,592206.0,66.0,17.9,51.5,105.4,90.5,100.1,94.0,84.6,414.0,204.0,401.0,28.0,42.4,6.0,9.1,6.5,"Castellanos, Nick",2025.0,92.0,15.0,6.0,0.0,3.0,19.6,8.7,0.289,0.47,0.348,0.818,0.333,14.0,41.09806918123379
10,668930,"Turang, Brice",L,L,29.8425691394089,27.695572216269884,26.535706070150116,-10.239105150794188,30.73917183297109,0.8966026935621905,668930.0,73.0,4.5,35.6,109.8,92.8,100.5,95.3,90.8,444.0,144.0,425.0,36.0,49.3,6.0,8.2,6.0,"Turang, Brice",2025.0,100.0,24.0,1.0,0.0,3.0,21.0,5.0,0.308,0.418,0.343,0.761,0.362,11.0,40.71392456183782
11,667670,"Rooker, Brent",R,R,31.439598394792316,27.40659785876076,27.632983130331823,-14.633797468845348,33.51975160481149,2.0801532100191693,667670.0,67.0,15.1,37.3,110.3,92.4,101.7,97.3,86.7,425.0,188.0,393.0,34.0,50.7,11.0,16.4,11.0,"Rooker Jr., Brent",2025.0,100.0,13.0,2.0,1.0,6.0,27.0,6.0,0.234,0.468,0.28,0.748,0.262,12.0,41.70815212182934
12,682985,"Greene, Riley",L,L,28.62109288488028,24.262024348988287,27.694209164090157,-5.87068238307046,32.31561586607617,4.341474294303303,682985.0,57.0,10.2,28.1,114.3,89.1,101.1,97.3,82.7,417.0,141.0,388.0,25.0,43.9,3.0,5.3,3.2,"Greene, Riley",2025.0,94.0,13.0,4.0,0.0,3.0,33.0,6.4,0.227,0.375,0.277,0.652,0.315,8.0,37.52083132655572
13,679529,"Torkelson, Spencer",R,R,34.18635374445052,27.81503004431741,25.579165569515872,-16.032751716367976,31.38928619237486,-2.7970675520756547,679529.0,58.0,19.0,41.4,110.5,92.2,102.7,97.0,83.5,423.0,209.0,397.0,28.0,48.3,10.0,17.2,9.8,"Torkelson, Spencer",2025.0,102.0,10.0,7.0,0.0,7.0,27.5,13.7,0.286,0.619,0.392,1.011,0.333,21.0,44.07247075791175
14,521692,"Perez, Salvador",R,R,29.386432095683585,27.518075358832085,33.66282009802996,-29.18062925893502,30.77517248388864,1.3887403882050542,521692.0,66.0,18.7,40.9,110.6,91.1,102.2,94.4,86.5,418.0,202.0,406.0,32.0,48.5,11.0,16.7,11.6,"Perez, Salvador",2025.0,95.0,10.0,4.0,0.0,2.0,23.2,6.3,0.182,0.295,0.234,0.529,0.219,10.0,40.25924568057111
15,691718,"Crow-Armstrong, Pete",L,L,31.440108935465155,27.44812481623454,34.989920529647264,-0.6180727073695425,31.99676243405923,0.5566534985940805,691718.0,70.0,19.7,37.1,108.6,88.6,98.3,92.3,83.3,412.0,173.0,384.0,25.0,35.7,5.0,7.1,4.9,"Crow-Armstrong, Pete",2025.0,102.0,12.0,8.0,1.0,3.0,24.5,5.9,0.258,0.462,0.31,0.772,0.323,10.0,41.735835990207576
16,642715,"Adames, Willy",R,R,29.33507687423891,30.179443112274058,33.15079490605663,1.4914503879127496,30.16647435450328,0.8313974802643713,642715.0,67.0,21.5,28.4,109.6,88.8,98.8,95.1,81.0,384.0,180.0,378.0,28.0,41.8,5.0,7.5,4.9,"Adames, Willy",2025.0,103.0,13.0,4.0,0.0,1.0,26.2,8.7,0.194,0.269,0.262,0.531,0.258,11.0,42.08735584215873
17,665926,"Giménez, Andrés",L,L,27.6274329132921,30.60876995786944,28.338373161400717,-20.03677658811885,29.74894825532279,2.12151534203068,665926.0,69.0,7.0,31.9,105.6,88.1,98.1,92.9,83.0,407.0,166.0,385.0,22.0,31.9,3.0,4.3,3.1,"Giménez, Andrés",2025.0,98.0,10.0,4.0,0.0,3.0,18.4,8.2,0.198,0.349,0.286,0.635,0.212,8.0,41.23314016312881
18,677951,"Witt Jr., Bobby",R,R,26.88312259795743,24.417445949992903,33.22563461580447,-15.943785739246463,28.446939673504826,1.5638170755473872,677951.0,76.0,12.2,39.5,112.6,92.0,103.8,95.8,86.3,399.0,184.0,394.0,37.0,48.7,8.0,10.5,8.0,"Witt Jr., Bobby",2025.0,100.0,16.0,9.0,0.0,2.0,14.0,9.0,0.307,0.477,0.37,0.847,0.338,9.0,36.31685486571813
19,547180,"Harper, Bryce",L,L,22.76052888694988,29.404480156145564,32.8663015817402,-16.407556340364838,34.89799748004331,12.137468593093423,547180.0,65.0,17.5,35.4,109.5,91.3,102.2,93.2,88.3,418.0,195.0,390.0,30.0,46.2,8.0,12.3,7.7,"Harper, Bryce",2025.0,104.0,13.0,4.0,0.0,5.0,18.3,19.2,0.262,0.488,0.404,0.892,0.283,14.0,37.18420536285317
20,682998,"Carroll, Corbin",L,L,30.01458692849255,29.73062449623084,26.19353560879766,-2.2602347413812622,38.1264572573148,8.111870328822242,682998.0,67.0,16.7,34.3,115.8,93.1,105.9,98.3,90.0,434.0,182.0,407.0,38.0,56.7,12.0,17.9,11.5,"Carroll, Corbin",2025.0,104.0,15.0,7.0,1.0,7.0,25.0,7.7,0.323,0.645,0.394,1.039,0.383,19.0,42.24672130975275
21,607043,"Nimmo, Brandon",L,L,28.499199913095943,31.063762364647477,25.81575701831758,-10.087282097131418,27.07944901386305,-1.4197508992328878,607043.0,70.0,8.9,31.4,108.3,91.6,101.8,95.4,89.4,412.0,163.0,395.0,39.0,55.7,8.0,11.4,8.4,"Nimmo, Brandon",2025.0,95.0,11.0,3.0,0.0,4.0,20.0,6.3,0.205,0.375,0.253,0.628,0.212,10.0,42.15639605011198
22,665862,"Chisholm Jr., Jazz",L,L,28.69083533291699,25.05097096329719,33.373305069503665,-3.554185594467971,28.439197583326163,-0.2516377495908273,665862.0,56.0,17.8,32.1,109.5,89.0,99.9,92.5,85.0,442.0,191.0,382.0,24.0,42.9,10.0,17.9,10.2,"Chisholm Jr., Jazz",2025.0,98.0,5.0,2.0,0.0,7.0,31.6,8.2,0.161,0.425,0.255,0.68,0.143,12.0,38.08825512286585
23,680776,"Duran, Jarren",L,L,28.59600193508503,31.418885260777564,23.25463902879019,-2.519978477947793,28.33855648306289,-0.257445452022143,680776.0,77.0,11.1,35.1,112.0,92.1,102.3,93.3,91.8,388.0,159.0,388.0,36.0,46.8,7.0,9.1,6.4,"Duran, Jarren",2025.0,109.0,16.0,5.0,1.0,1.0,21.1,6.4,0.232,0.333,0.294,0.627,0.289,11.0,42.483851964026194
24,575929,"Contreras, Willson",R,R,19.553483843336664,30.812592623592792,25.609406076289293,-6.363157697581741,28.10427686083208,8.831730528076903,575929.0,60.0,8.7,38.3,113.8,87.7,101.1,94.5,82.3,417.0,167.0,393.0,24.0,40.0,6.0,10.0,6.3,"Contreras, Willson",2025.0,95.0,10.0,4.0,0.0,2.0,30.5,4.2,0.182,0.295,0.234,0.529,0.246,7.0,36.49321299363914
25,592450,"Judge, Aaron",R,R,29.43357747282308,32.67609712600605,29.531732703968483,-4.735653410758842,31.79649154977925,2.36291407695618,592450.0,64.0,16.7,39.1,116.8,96.1,107.8,97.7,93.8,468.0,191.0,411.0,38.0,59.4,17.0,26.6,16.3,"Judge, Aaron",2025.0,104.0,20.0,6.0,0.0,7.0,21.2,15.4,0.384,0.698,0.49,1.188,0.456,25.0,43.977980924968115
26,621020,"Swanson, Dansby",R,R,30.205541023524034,26.57817724205879,23.42287208268657,-10.219712506271806,32.61114958541197,2.4056085618879277,621020.0,68.0,17.9,30.9,108.6,91.7,102.0,96.2,88.8,420.0,173.0,413.0,36.0,52.9,7.0,10.3,6.7,"Swanson, Dansby",2025.0,104.0,9.0,4.0,0.0,4.0,28.8,5.8,0.177,0.344,0.223,0.567,0.206,12.0,40.23399326482626
27,668227,"Arozarena, Randy",R,R,18.7310767253026,25.58164326956743,16.500431866348475,3.495733188940513,30.48997977780735,11.758903052504747,668227.0,54.0,14.2,35.2,112.3,91.6,103.5,96.2,91.8,424.0,160.0,393.0,25.0,46.3,6.0,11.1,6.1,"Arozarena, Randy",2025.0,99.0,6.0,6.0,0.0,4.0,26.3,16.2,0.2,0.425,0.354,0.779,0.24,17.0,31.70605159367179
28,665487,"Tatis Jr., Fernando",R,R,25.790344287610623,29.39492410335523,20.50116630916392,-49.25840300365102,27.187880977540114,1.3975366899294883,665487.0,73.0,6.4,31.5,112.8,94.6,104.2,99.8,90.2,427.0,159.0,406.0,39.0,53.4,15.0,20.5,15.2,"Tatis Jr., Fernando",2025.0,99.0,20.0,1.0,1.0,8.0,14.1,12.1,0.349,0.663,0.424,1.087,0.338,16.0,39.105030642047886
29,691023,"Walker, Jordan",R,R,25.686427247562094,29.94557081274323,27.73488068725232,-17.987142454954135,30.348365426402665,4.661938178840561,691023.0,52.0,14.2,23.1,116.5,90.0,101.9,91.2,93.1,419.0,147.0,407.0,21.0,40.4,2.0,3.8,2.4,"Walker, Jordan",2025.0,85.0,14.0,1.0,0.0,2.0,31.8,5.9,0.215,0.304,0.271,0.575,0.3,7.0,39.45288019961686
30,641857,"McMahon, Ryan",L,L,21.85495250790192,30.295591976961877,44.20594202426427,2.7155796527369898,28.00319632740226,6.148243819500348,641857.0,43.0,18.6,30.2,110.2,92.4,100.7,93.4,90.3,432.0,182.0,416.0,17.0,39.5,3.0,7.0,3.4,"McMahon, Ryan",2025.0,87.0,10.0,3.0,0.0,2.0,36.8,12.6,0.203,0.324,0.31,0.634,0.317,4.0,37.35588096079659
31,572233,"Walker, Christian",R,R,27.459120408727888,27.39834925594949,27.11252011799587,-19.14900004254867,31.723818659001694,4.26469825027381,572233.0,50.0,15.4,26.0,112.8,89.8,102.8,94.9,86.7,402.0,155.0,387.0,21.0,42.0,5.0,10.0,5.7,"Walker, Christian",2025.0,87.0,8.0,2.0,0.0,2.0,31.0,9.2,0.156,0.26,0.253,0.513,0.208,4.0,38.79011260066158
32,670623,"Paredes, Isaac",R,R,30.736499435928007,26.65594022132237,29.36229464717376,-36.09404384262594,37.8518466677427,7.350760737436438,670623.0,63.0,18.0,31.7,107.4,86.7,99.3,91.0,81.3,372.0,174.0,363.0,26.0,41.3,1.0,1.6,1.0,"Paredes, Isaac",2025.0,96.0,15.0,1.0,0.0,3.0,19.8,12.5,0.232,0.354,0.344,0.698,0.267,11.0,40.6850285320966
33,624413,"Alonso, Pete",R,R,23.374860311130472,27.709528334352022,31.35727582077516,4.2026029360747135,30.28134645058265,6.906486139452177,624413.0,69.0,17.2,43.5,114.5,95.6,106.6,99.6,90.6,443.0,198.0,402.0,40.0,58.0,15.0,21.7,15.2,"Alonso, Pete",2025.0,99.0,12.0,9.0,1.0,6.0,14.1,14.1,0.341,0.695,0.444,1.139,0.349,24.0,36.25192484651153
34,695578,"Wood, James",L,L,30.349895125407222,29.779744627852896,29.861871685642555,-24.04713711873688,30.128635103100184,-0.2212600223070389,695578.0,57.0,3.9,24.6,115.8,94.0,106.2,99.9,90.0,445.0,152.0,408.0,32.0,56.1,11.0,19.3,11.6,"Wood, James",2025.0,95.0,9.0,3.0,0.0,7.0,26.3,12.6,0.232,0.524,0.337,0.861,0.24,17.0,42.5199873497553
35,553993,"Suárez, Eugenio",R,R,19.01332708095688,23.098777037468267,26.395481838954908,-19.28974263597228,36.2725132997185,17.259186218761613,553993.0,48.0,19.9,29.2,111.7,94.4,103.4,98.6,91.3,458.0,214.0,421.0,30.0,62.5,9.0,18.8,10.2,"Suárez, Eugenio",2025.0,88.0,3.0,3.0,0.0,6.0,33.0,10.2,0.156,0.429,0.261,0.69,0.143,15.0,29.91755516940045
36,666969,"García, Adolis",R,R,27.292563817287053,25.39044602571824,28.13667276955741,-14.454843281229545,33.37596817836876,6.321918261571067,666969.0,59.0,24.9,37.3,113.6,95.1,103.7,95.3,97.1,431.0,231.0,405.0,35.0,59.3,13.0,22.0,15.7,"García, Adolis",2025.0,83.0,7.0,5.0,0.0,4.0,19.3,6.0,0.216,0.446,0.289,0.735,0.218,9.0,37.276786196044284
37,545361,"Trout, Mike",R,R,30.297420111638125,25.6079110282527,29.333329082888493,-9.568862210629046,25.731480072086,-4.565940039552125,545361.0,53.0,20.3,45.3,115.4,91.6,104.0,97.1,84.8,484.0,224.0,401.0,27.0,50.9,11.0,20.8,12.2,"Trout, Mike",2025.0,90.0,5.0,1.0,0.0,8.0,27.8,12.2,0.184,0.513,0.289,0.802,0.133,16.0,39.66987235487405
38,677800,"Abreu, Wilyer",L,L,30.64596760864856,26.042306519758533,32.73528630628063,-23.52806012876022,29.985041285792235,-0.66092632285633,677800.0,51.0,22.4,39.2,110.8,91.7,102.9,94.0,89.9,415.0,181.0,397.0,25.0,49.0,6.0,11.8,6.8,"Abreu, Wilyer",2025.0,88.0,11.0,5.0,0.0,4.0,25.0,17.0,0.274,0.507,0.398,0.905,0.34,15.0,40.21662665539459
39,664034,"France, Ty",R,R,28.74786830706772,27.40724274551272,31.48710414780593,-28.432988756784223,27.739615624039452,-1.0082526830282674,664034.0,67.0,8.6,37.3,108.2,89.5,99.4,93.6,85.5,411.0,160.0,405.0,27.0,40.3,5.0,7.5,5.8,"France, Ty",2025.0,86.0,13.0,3.0,0.0,2.0,11.6,7.0,0.234,0.351,0.314,0.665,0.246,10.0,39.71897389298933
40,663993,"Lowe, Nathaniel",L,L,25.968793421018464,31.477787799154523,33.90265732468539,-10.151062944003767,26.659962928022715,0.6911695070042541,663993.0,52.0,13.1,38.5,111.7,90.9,102.3,95.5,88.6,421.0,167.0,406.0,25.0,48.1,5.0,9.6,5.7,"Lowe, Nathaniel",2025.0,88.0,15.0,5.0,0.0,3.0,29.5,11.4,0.295,0.474,0.375,0.849,0.408,17.0,40.80722186662715
41,669065,"Stowers, Kyle",L,L,29.617142780480687,29.75522280916568,32.376898468322345,-8.228001319140137,29.48132101800461,-0.1358217624760698,669065.0,48.0,7.5,35.4,110.3,89.9,102.2,96.1,86.1,421.0,145.0,392.0,25.0,52.1,9.0,18.8,10.6,"Stowers, Kyle",2025.0,85.0,16.0,3.0,1.0,2.0,30.6,11.8,0.306,0.458,0.388,0.846,0.435,11.0,41.982715859058864
42,808982,"Lee, Jung Hoo",L,L,26.905988124647557,21.545316165912705,29.443769072598723,-39.85169476643832,30.786099777183388,3.8801116525358417,808982.0,73.0,8.1,42.5,104.5,90.4,99.1,91.3,89.5,406.0,163.0,385.0,27.0,37.0,5.0,6.8,5.3,"Lee, Jung Hoo",2025.0,94.0,13.0,10.0,2.0,3.0,13.8,8.5,0.329,0.6,0.383,0.983,0.357,14.0,34.4693029470109
43,680977,"Donovan, Brendan",L,L,26.80830823783102,28.834694016649483,35.382576071063006,-8.472001194951117,24.512816622243346,-2.295491615587668,680977.0,80.0,9.2,42.5,109.2,89.6,101.1,92.7,86.9,404.0,165.0,386.0,36.0,45.0,7.0,8.8,7.1,"Donovan, Brendan",2025.0,98.0,22.0,7.0,0.0,3.0,12.2,5.1,0.356,0.533,0.392,0.925,0.382,13.0,39.37162645368311
44,650490,"Díaz, Yandy",R,R,30.53631132623878,29.537235838716395,29.2461637542162,-31.944378023293314,30.95464112694375,0.4183298007049636,650490.0,78.0,0.3,20.5,112.5,90.7,103.6,96.6,89.1,415.0,126.0,378.0,37.0,47.4,6.0,7.7,6.2,"Díaz, Yandy",2025.0,97.0,13.0,4.0,0.0,3.0,13.4,6.2,0.222,0.367,0.268,0.635,0.227,8.0,42.48428662935193
45,678246,"Vargas, Miguel",R,R,30.30267890113161,28.579616820014653,28.37278214786818,-5.876727728905235,33.99832332460186,3.695644423470249,678246.0,56.0,17.4,28.6,107.3,90.0,99.0,93.4,87.1,389.0,169.0,0.0,23.0,41.1,4.0,7.1,4.5,"Vargas, Miguel",2025.0,89.0,6.0,5.0,0.0,0.0,25.8,9.0,0.139,0.203,0.236,0.439,0.196,6.0,41.65389352946434
46,670541,"Alvarez, Yordan",L,L,25.52754547621206,27.80944108451572,39.08662783575212,-8.389202013640846,37.02368359039879,11.49613811418672,670541.0,58.0,20.0,41.4,113.6,94.2,102.7,97.1,92.6,419.0,201.0,419.0,26.0,44.8,7.0,12.1,8.0,"Alvarez, Yordan",2025.0,88.0,10.0,3.0,0.0,2.0,19.3,14.8,0.211,0.338,0.318,0.656,0.232,11.0,37.74944491609414
47,683734,"Vaughn, Andrew",R,R,31.131476769645555,30.182045180805705,31.01578431605473,5.149402839253945,29.64281235389265,-1.488664415752897,683734.0,59.0,12.8,32.2,110.5,90.4,101.7,95.0,89.5,405.0,162.0,386.0,29.0,49.2,9.0,15.3,10.8,"Vaughn, Andrew",2025.0,83.0,7.0,2.0,0.0,3.0,24.1,4.8,0.152,0.291,0.193,0.484,0.161,10.0,43.36040471622904
48,621566,"Olson, Matt",L,L,30.525150024354343,30.386043444928116,32.03605140260727,-8.633100254836497,30.645714994994613,0.1205649706402596,621566.0,57.0,7.6,29.8,113.4,95.9,104.6,100.5,92.9,434.0,159.0,416.0,35.0,61.4,10.0,17.5,10.8,"Olson, Matt",2025.0,93.0,11.0,4.0,0.0,3.0,20.4,17.2,0.237,0.408,0.376,0.784,0.278,13.0,43.070830271152175
49,691406,"Caminero, Junior",R,R,28.20080545261636,28.38328832949277,28.414546939157283,-24.52645168571884,34.120603056991285,5.919797604374928,691406.0,59.0,4.0,25.4,113.9,94.1,104.7,99.0,91.9,413.0,138.0,393.0,33.0,55.9,7.0,11.9,8.3,"Caminero, Junior",2025.0,84.0,13.0,3.0,0.0,5.0,23.8,6.0,0.269,0.5,0.31,0.81,0.296,11.0,40.011204487886104
50,678882,"Rafaela, Ceddanne",R,R,29.27110881200009,27.43146410179596,22.57592769988862,-17.73074313125803,31.532117964266916,2.261009152266819,678882.0,53.0,6.0,30.2,105.2,87.9,99.1,94.1,84.3,406.0,132.0,406.0,21.0,39.6,5.0,9.4,6.8,"Rafaela, Ceddanne",2025.0,74.0,11.0,1.0,1.0,1.0,18.9,6.8,0.209,0.299,0.284,0.583,0.25,10.0,40.115870099650955
51,608324,"Bregman, Alex",R,R,28.13652974113049,24.50834387601808,29.849518062739648,7.320698807544942,31.82430709609629,3.687777354965789,608324.0,72.0,20.3,30.6,109.6,92.4,100.3,93.9,91.5,411.0,180.0,394.0,33.0,45.8,6.0,8.3,5.8,"Bregman, Alex",2025.0,104.0,16.0,7.0,0.0,4.0,19.2,8.7,0.297,0.505,0.375,0.88,0.338,16.0,37.31384763621508
52,623993,"Santander, Anthony",L,L,19.05890578888939,26.993564618228064,31.612627487864565,-4.235222805045772,34.12863829685556,15.06973250796618,623993.0,70.0,18.1,27.1,110.4,90.1,98.9,92.3,88.8,409.0,165.0,407.0,25.0,35.7,3.0,4.3,2.9,"Santander, Anthony",2025.0,102.0,12.0,4.0,0.0,2.0,22.5,8.8,0.196,0.304,0.265,0.569,0.235,8.0,33.04382575713979
53,656941,"Schwarber, Kyle",L,L,21.16038240626494,25.926928327445065,32.27794728549836,-5.121175899752311,32.429479241689805,11.269096835424868,656941.0,61.0,18.1,34.4,116.7,93.6,104.4,99.1,87.5,462.0,189.0,423.0,35.0,57.4,8.0,13.1,7.8,"Schwarber, Kyle",2025.0,103.0,13.0,1.0,1.0,7.0,20.4,18.4,0.268,0.561,0.417,0.978,0.278,16.0,33.46591394353126
54,656305,"Chapman, Matt",R,R,29.156730463320315,29.74079963240354,26.42655268691664,-12.747015727813393,27.189999173110397,-1.9667312902099197,656305.0,54.0,22.6,25.9,109.7,92.8,102.4,95.2,96.1,411.0,176.0,386.0,25.0,46.3,4.0,7.4,4.0,"Chapman, Matt",2025.0,100.0,11.0,3.0,0.0,4.0,24.0,22.0,0.231,0.423,0.4,0.823,0.28,14.0,41.64889067052669
55,592885,"Yelich, Christian",L,L,27.452350182010424,29.126396867651813,31.613679282060293,-0.6931698030392958,28.787762843104204,1.3354126610937769,592885.0,53.0,1.9,28.3,113.4,91.9,102.9,96.7,89.5,465.0,140.0,427.0,28.0,52.8,3.0,5.7,3.3,"Yelich, Christian",2025.0,90.0,10.0,2.0,0.0,4.0,25.6,14.4,0.211,0.395,0.333,0.728,0.245,15.0,40.024723921692264
56,681624,"Pages, Andy",R,R,30.76977145731574,28.89300605587591,19.84601271227256,-18.265646356398523,30.531436770391306,-0.2383346869244356,681624.0,41.0,18.8,31.7,107.0,86.5,94.9,90.3,81.3,390.0,186.0,378.0,12.0,29.3,2.0,4.9,2.7,"Pages, Andy",2025.0,73.0,7.0,1.0,0.0,2.0,30.1,9.6,0.159,0.27,0.274,0.544,0.205,5.0,42.2088217613371
57,671739,"Harris II, Michael",L,L,31.238815469736448,28.772463659147693,18.64249289765645,-10.53411890478913,28.47721391875715,-2.7616015509792966,671739.0,67.0,6.7,35.8,112.3,89.7,101.9,94.0,87.3,446.0,157.0,412.0,24.0,35.8,7.0,10.4,7.8,"Harris II, Michael",2025.0,90.0,12.0,3.0,0.0,3.0,22.2,3.3,0.22,0.366,0.239,0.605,0.242,9.0,42.47020434338902
58,514888,"Altuve, Jose",R,R,13.320400054326845,31.34883244929732,29.10323796107234,-19.170863680218652,27.147693630606195,13.827293576279349,514888.0,71.0,16.2,18.3,107.0,85.4,97.7,92.8,85.0,402.0,134.0,372.0,27.0,38.0,4.0,5.6,4.2,"Altuve, Jose",2025.0,95.0,22.0,2.0,0.0,3.0,20.0,5.3,0.303,0.427,0.337,0.764,0.353,7.0,34.06144966881808
59,543760,"Semien, Marcus",R,R,27.12257378338625,24.00080381316384,30.512011545962352,-0.8207163197970251,31.99533078084692,4.935274790184462,543760.0,64.0,16.8,23.4,110.0,87.5,97.0,91.4,84.8,389.0,163.0,389.0,20.0,31.3,5.0,7.8,5.8,"Semien, Marcus",2025.0,86.0,9.0,1.0,0.0,1.0,17.4,8.1,0.141,0.192,0.209,0.401,0.159,6.0,36.21702075424221
60,683011,"Volpe, Anthony",R,R,30.432162616381436,27.90702800127745,27.581806179434395,-1.5096390983017354,25.174242312574453,-4.886824212399016,683011.0,58.0,10.6,24.1,110.5,90.3,100.3,94.2,87.4,418.0,171.0,369.0,23.0,39.7,8.0,13.8,8.3,"Volpe, Anthony",2025.0,96.0,9.0,5.0,0.0,4.0,27.1,11.5,0.217,0.422,0.313,0.735,0.259,15.0,41.29066157588139
61,671213,"Casas, Triston",L,L,32.37417235885879,29.55055579778768,25.3471367567657,-3.814917549036018,33.04331084374335,0.6691384848845559,671213.0,56.0,19.1,33.9,110.9,89.7,101.2,94.4,83.2,377.0,188.0,377.0,25.0,44.6,5.0,8.9,6.0,"Casas, Triston",2025.0,83.0,8.0,3.0,0.0,1.0,24.1,7.2,0.158,0.237,0.229,0.466,0.2,4.0,43.83289157561089
62,665161,"Peña, Jeremy",R,R,29.84294831996025,26.206596178902267,34.237311669138805,-15.859978109661064,30.34266474988512,0.4997164299248631,665161.0,67.0,9.6,32.8,107.2,89.9,101.4,94.0,87.4,407.0,153.0,387.0,32.0,47.8,7.0,10.4,7.8,"Peña, Jeremy",2025.0,90.0,12.0,3.0,0.0,3.0,14.4,8.9,0.228,0.38,0.311,0.691,0.234,7.0,39.71633477187785
63,666971,"Gurriel Jr., Lourdes",R,R,28.63000883131013,25.194414598962467,24.564104294150727,-14.35532582199274,31.852539836889097,3.222531005578972,666971.0,70.0,20.4,41.4,109.1,88.4,99.8,92.8,80.9,416.0,206.0,412.0,27.0,38.6,6.0,8.6,7.1,"Gurriel Jr., Lourdes",2025.0,84.0,7.0,3.0,0.0,4.0,13.1,3.6,0.177,0.367,0.202,0.569,0.152,13.0,38.13706769883218
64,661388,"Contreras, William",R,R,28.13919401595229,28.312057496222792,28.449985853430093,4.283630863555269,28.008714109439307,-0.1304799065129849,661388.0,61.0,0.5,27.9,114.1,87.3,99.9,97.3,81.6,408.0,129.0,386.0,22.0,36.1,3.0,4.9,3.3,"Contreras, William",2025.0,92.0,14.0,2.0,0.0,3.0,18.5,15.2,0.247,0.39,0.359,0.749,0.276,13.0,39.91724989947116
65,665489,"Guerrero Jr., Vladimir",R,R,27.4007133165081,29.347948968274217,25.629393563448367,-10.037765114562772,33.07985798844992,5.679144671941824,665489.0,73.0,8.1,35.6,120.4,93.7,105.6,100.0,90.3,412.0,156.0,412.0,42.0,57.5,9.0,12.3,8.8,"Guerrero Jr., Vladimir",2025.0,102.0,18.0,6.0,0.0,1.0,13.7,13.7,0.291,0.395,0.392,0.787,0.333,10.0,40.15098004903358
66,607208,"Turner, Trea",R,R,27.36571323054731,28.24650672600925,39.40568328121248,0.3098419234864827,29.04493530227433,1.6792220717270183,607208.0,62.0,12.6,35.5,108.7,87.5,98.0,91.8,84.7,402.0,168.0,402.0,20.0,32.3,2.0,3.2,2.2,"Turner, Trea",2025.0,93.0,16.0,4.0,0.0,1.0,19.4,11.8,0.263,0.35,0.366,0.716,0.328,6.0,39.328709651335345
67,664761,"Bohm, Alec",R,R,24.56664254959789,29.628417514427703,37.01548872275698,-4.705344778795764,27.74026170756447,3.173619157966577,664761.0,74.0,6.6,32.4,109.3,91.6,101.3,93.6,91.0,394.0,148.0,0.0,38.0,51.4,6.0,8.1,6.4,"Bohm, Alec",2025.0,94.0,13.0,4.0,1.0,0.0,18.1,1.1,0.198,0.264,0.223,0.487,0.243,6.0,38.48847945254475
68,641355,"Bellinger, Cody",L,L,33.85326137298798,20.252030673120657,21.130848998407867,-1.0958254573324209,30.680126843595392,-3.173134529392588,641355.0,55.0,20.7,32.7,110.2,90.6,101.5,93.9,89.6,451.0,184.0,419.0,24.0,43.6,4.0,7.3,5.0,"Bellinger, Cody",2025.0,80.0,9.0,1.0,1.0,2.0,23.8,7.5,0.183,0.31,0.237,0.547,0.208,12.0,39.448549427993676
69,669224,"Wells, Austin",L,L,30.733425325281665,23.59359090019348,26.209085869019717,-3.716685756808983,29.26665314259972,-1.4667721826819573,669224.0,50.0,22.7,30.0,110.1,91.0,101.1,94.3,89.1,375.0,195.0,356.0,25.0,50.0,5.0,10.0,6.6,"Wells, Austin",2025.0,76.0,5.0,2.0,1.0,4.0,23.7,9.2,0.182,0.424,0.263,0.687,0.174,10.0,38.74533473581506
70,656716,"McKinstry, Zach",L,L,27.00700477382513,27.198098031914636,33.83275402100875,-0.4044176986692044,24.087189486881154,-2.9198152869439795,656716.0,55.0,11.8,49.1,107.3,86.8,96.7,92.1,83.2,379.0,159.0,377.0,18.0,32.7,3.0,5.5,3.5,"McKinstry, Zach",2025.0,86.0,16.0,2.0,3.0,1.0,19.8,16.3,0.314,0.471,0.424,0.895,0.396,11.0,38.329033948262406
71,692225,"Campbell, Kristian",R,R,27.44979010895865,30.60016821873999,31.996736484306428,12.56897884811641,31.257177796137285,3.807387687178633,692225.0,56.0,12.5,33.9,112.2,88.8,101.2,96.6,81.3,431.0,162.0,400.0,24.0,42.9,5.0,8.9,5.5,"Campbell, Kristian",2025.0,91.0,16.0,5.0,0.0,3.0,23.1,15.4,0.316,0.5,0.418,0.918,0.396,6.0,41.107922254001956
72,502671,"Goldschmidt, Paul",R,R,25.69962582644925,33.241396746830524,36.024539272017655,-10.202799810890475,21.35377009012036,-4.345855736328893,502671.0,69.0,12.7,43.5,109.2,87.6,99.8,91.7,80.3,413.0,172.0,413.0,24.0,34.8,4.0,5.8,4.2,"Goldschmidt, Paul",2025.0,96.0,26.0,5.0,0.0,1.0,18.8,7.3,0.372,0.465,0.421,0.886,0.456,7.0,42.01739193833539
73,527038,"Flores, Wilmer",R,R,28.136333081266663,25.65391680576056,41.42294212168617,-8.70055093523138,31.97270879881665,3.836375717549995,527038.0,65.0,14.0,33.8,104.7,86.0,96.3,92.2,81.4,399.0,164.0,380.0,18.0,27.7,6.0,9.2,6.8,"Flores, Wilmer",2025.0,88.0,11.0,0.0,0.0,7.0,19.3,5.7,0.22,0.476,0.273,0.749,0.19,23.0,38.075933169613386
74,671732,"Butler, Lawrence",L,L,26.78707473309316,31.767649984020085,31.597013180993933,1.234999054464203,28.097345051844652,1.310270318751499,671732.0,67.0,11.8,25.4,111.1,92.3,102.9,95.3,90.6,435.0,162.0,425.0,32.0,47.8,7.0,10.4,7.4,"Butler, Lawrence",2025.0,94.0,16.0,5.0,0.0,2.0,16.0,12.8,0.28,0.415,0.372,0.787,0.323,5.0,41.55395237836624
75,606192,"Hernández, Teoscar",R,R,30.72090236971966,29.92550709489345,28.14233319008745,-1.2830675842260653,31.982116049444755,1.623703752589698,606192.0,63.0,10.8,33.3,109.7,84.3,98.1,90.9,77.8,436.0,164.0,390.0,19.0,30.2,6.0,9.5,7.1,"Hernández, Teoscar",2025.0,84.0,11.0,4.0,0.0,5.0,21.4,3.6,0.25,0.487,0.274,0.761,0.259,17.0,42.88717544087469
76,673357,"Robert Jr., Luis",R,R,31.683390269334623,27.054757534553254,34.43453614563569,-22.32824159783349,30.280482551083384,-1.4029077182512406,673357.0,47.0,19.0,27.7,113.8,86.3,100.9,93.8,85.7,387.0,150.0,380.0,19.0,40.4,5.0,10.6,6.0,"Robert Jr., Luis",2025.0,84.0,7.0,1.0,0.0,2.0,27.4,14.3,0.145,0.246,0.268,0.514,0.178,6.0,41.66289865350746
77,691016,"Soderstrom, Tyler",L,L,29.81263079891758,29.99909056569261,33.241679671375714,-8.170363049457343,30.134391262437173,0.3217604635195989,691016.0,64.0,12.9,45.3,111.7,93.0,104.0,98.0,88.3,432.0,186.0,389.0,33.0,51.6,12.0,18.8,12.8,"Soderstrom, Tyler",2025.0,94.0,14.0,2.0,0.0,9.0,22.3,9.6,0.298,0.643,0.362,1.005,0.291,19.0,42.293479283705146
78,660271,"Ohtani, Shohei",L,L,29.244671870244453,31.268919280385223,35.3259048115535,-10.459642203685275,29.36336983689927,0.1186979666548211,660271.0,60.0,10.4,30.0,113.1,95.9,106.8,100.7,91.2,448.0,170.0,402.0,36.0,60.0,12.0,20.0,12.5,"Ohtani, Shohei",2025.0,96.0,15.0,1.0,1.0,6.0,24.0,13.5,0.277,0.53,0.375,0.905,0.315,8.0,42.813504245290574
79,663457,"Nootbaar, Lars",L,L,27.9631395001334,27.02804361607853,22.32656069815432,-18.78750867381894,34.79608320115959,6.832943701026181,663457.0,68.0,17.0,35.3,112.7,90.4,102.4,93.5,88.4,418.0,170.0,399.0,32.0,47.1,6.0,8.8,5.9,"Nootbaar, Lars",2025.0,102.0,14.0,3.0,0.0,3.0,15.7,16.7,0.238,0.381,0.373,0.754,0.262,11.0,38.89025986563428
80,621439,"Buxton, Byron",R,R,25.510763083286164,27.87695115462242,28.634554969895124,-0.7224238771708875,29.114220695621757,3.603457612335589,621439.0,53.0,15.6,32.1,112.5,90.3,104.2,96.6,84.8,446.0,180.0,418.0,30.0,56.6,9.0,17.0,10.8,"Buxton, Byron",2025.0,83.0,10.0,4.0,1.0,4.0,31.3,2.4,0.244,0.474,0.277,0.751,0.306,10.0,37.7878742292916
81,596146,"Kepler, Max",L,L,33.26029416012705,32.10595215096899,35.23114112288534,-28.075609166109103,31.21647356648366,-2.0438205936433924,596146.0,57.0,9.8,33.3,109.3,89.1,100.6,92.9,87.9,386.0,148.0,382.0,29.0,50.9,4.0,7.0,4.9,"Kepler, Max",2025.0,82.0,10.0,6.0,0.0,1.0,19.5,9.8,0.233,0.356,0.317,0.673,0.286,4.0,46.22812272998431
82,673548,"Suzuki, Seiya",R,R,27.51260552180485,27.880193286530744,29.67073787486465,-4.298220637963639,33.204464648137474,5.691859126332609,673548.0,57.0,17.7,45.6,114.3,91.3,102.7,94.7,87.5,445.0,202.0,410.0,26.0,45.6,10.0,17.5,10.6,"Suzuki, Seiya",2025.0,94.0,13.0,2.0,1.0,6.0,27.7,11.7,0.268,0.537,0.351,0.888,0.314,18.0,39.16948608665629
83,686469,"Pasquantino, Vinnie",L,L,28.12436967241143,30.78758688404199,37.17187982438112,-21.82922010473715,33.33280281166141,5.208433139249973,686469.0,66.0,19.4,31.8,111.0,90.1,98.9,91.7,89.3,389.0,196.0,386.0,27.0,40.9,5.0,7.6,5.5,"Pasquantino, Vinnie",2025.0,91.0,10.0,3.0,1.0,2.0,18.7,7.7,0.195,0.329,0.264,0.593,0.219,14.0,41.69958843457439
84,624585,"Soler, Jorge",R,R,29.327212348590457,29.3961189737329,38.325655150147206,-17.73620587460207,28.932417941098507,-0.3947944074919434,624585.0,50.0,19.0,42.0,112.7,91.6,103.7,95.7,89.8,408.0,198.0,390.0,22.0,44.0,8.0,16.0,9.3,"Soler, Jorge",2025.0,86.0,13.0,3.0,0.0,4.0,32.6,5.8,0.263,0.461,0.326,0.787,0.348,9.0,41.52369437871799
85,608369,"Seager, Corey",L,L,27.89090032899289,30.316907221648496,28.71003164362592,-32.35969817793482,32.95349745994818,5.0625971309552895,608369.0,58.0,11.7,29.3,112.2,92.1,103.9,95.6,87.7,427.0,182.0,385.0,28.0,48.3,10.0,17.2,12.5,"Seager, Corey",2025.0,80.0,15.0,2.0,0.0,4.0,18.8,8.8,0.288,0.479,0.35,0.829,0.315,6.0,41.194868426150585
86,672820,"Sosa, Lenyn",R,R,30.18727927908649,27.85451427864875,29.71305531063913,-10.032791317902204,31.911819443483694,1.7245401643972045,672820.0,56.0,18.9,41.1,107.5,89.5,99.5,93.5,83.2,396.0,187.0,396.0,19.0,33.9,2.0,3.6,2.6,"Sosa, Lenyn",2025.0,77.0,16.0,3.0,0.0,1.0,23.4,3.9,0.27,0.351,0.299,0.65,0.345,5.0,41.07488035250999
87,668804,"Reynolds, Bryan",L,L,25.18004945631172,27.52408184657517,43.78089580875055,-4.344117451566945,27.40323907641829,2.2231896201065666,668804.0,59.0,5.6,39.0,112.0,92.0,103.0,94.6,89.6,410.0,153.0,391.0,26.0,44.1,8.0,13.6,8.0,"Reynolds, Bryan",2025.0,100.0,15.0,4.0,0.0,3.0,32.0,8.0,0.244,0.389,0.31,0.699,0.339,10.0,37.304288923919636
88,641487,"Crawford, J.P.",L,L,35.51342883256636,27.44160248854976,32.3471065262778,-24.689286413571388,34.309682803033986,-1.203746029532386,641487.0,47.0,8.0,34.0,104.5,85.2,97.1,90.5,81.8,391.0,135.0,0.0,15.0,31.9,3.0,6.4,3.8,"Crawford, J.P.",2025.0,79.0,11.0,2.0,0.0,0.0,20.3,19.0,0.213,0.246,0.377,0.623,0.289,4.0,44.88034285280512
89,696100,"Goodman, Hunter",R,R,27.812621820815185,28.385196823712377,18.817934651183972,-14.857108370315302,38.56787349906743,11.011454157947924,696100.0,45.0,18.1,26.7,111.4,87.5,101.3,93.3,83.2,405.0,163.0,392.0,19.0,42.2,5.0,11.1,6.8,"Goodman, Hunter",2025.0,73.0,9.0,3.0,0.0,3.0,26.0,9.6,0.234,0.422,0.329,0.751,0.286,8.0,39.73992112811217
90,656775,"Mullins, Cedric",L,L,30.692972831750627,24.911028454132914,29.83522415408943,-11.206455139274016,28.95687346040543,-1.736099371345201,656775.0,51.0,24.4,37.3,108.4,89.4,98.9,93.5,80.5,396.0,204.0,380.0,19.0,37.3,5.0,9.8,6.0,"Mullins II, Cedric",2025.0,84.0,8.0,5.0,0.0,6.0,19.0,17.9,0.284,0.627,0.429,1.056,0.289,19.0,39.5299623057397
91,663697,"India, Jonathan",R,R,26.257066054329943,28.175811973519966,30.413876969154312,-13.958238505633814,30.28382141368888,4.026755359358937,663697.0,66.0,22.7,31.8,107.2,89.5,98.5,91.7,91.5,401.0,174.0,0.0,25.0,37.9,2.0,3.0,2.2,"India, Jonathan",2025.0,90.0,12.0,4.0,0.0,0.0,13.3,12.2,0.205,0.256,0.311,0.567,0.242,4.0,38.51376245121472
92,571448,"Arenado, Nolan",R,R,30.662267841393355,30.013622857336244,31.466940967115157,-3.0729165708180965,36.66252428262109,6.000256441227741,571448.0,72.0,17.9,22.2,107.9,85.9,95.9,88.5,85.9,390.0,158.0,378.0,19.0,26.4,3.0,4.2,3.3,"Arenado, Nolan",2025.0,91.0,13.0,7.0,0.0,2.0,6.6,13.2,0.282,0.449,0.385,0.834,0.286,10.0,42.906785316541274
93,650333,"Arraez, Luis",L,L,34.292116005384464,25.436232636278053,27.883061488038063,-23.64847505811643,34.028298553996095,-0.2638174513883911,650333.0,88.0,11.3,40.9,107.8,87.6,94.4,89.3,85.1,376.0,158.0,355.0,21.0,23.9,0.0,0.0,0.0,"Arraez, Luis",2025.0,96.0,19.0,3.0,0.0,3.0,2.1,5.2,0.287,0.425,0.33,0.755,0.265,7.0,42.696032027035045
95,664040,"Lowe, Brandon",L,L,26.994055666641927,26.822607780804105,23.272994796578036,-0.1798681548657801,32.23182784486863,5.237772178226717,664040.0,56.0,11.6,41.1,111.6,91.2,101.8,95.8,84.8,409.0,182.0,395.0,26.0,46.4,6.0,10.7,7.8,"Lowe, Brandon",2025.0,77.0,14.0,0.0,0.0,3.0,23.4,3.9,0.233,0.356,0.26,0.616,0.264,13.0,38.05432077302939
96,592663,"Realmuto, J.T.",R,R,30.465667901625352,27.353233227607458,26.56711299277072,-13.648600808203696,29.438302543585174,-1.0273653580401714,592663.0,45.0,11.9,42.2,108.7,90.5,100.4,95.4,84.7,387.0,161.0,387.0,19.0,42.2,4.0,8.9,5.2,"Realmuto, J.T.",2025.0,77.0,12.0,2.0,1.0,1.0,31.2,10.4,0.232,0.333,0.312,0.645,0.341,6.0,40.9433302101333
97,666158,"Lux, Gavin",L,L,34.023013955655095,26.92695459847298,24.90660715082553,-12.462529891473704,31.998769365969988,-2.0242445896851144,666158.0,51.0,9.3,41.2,106.2,89.2,98.8,90.9,87.9,397.0,164.0,397.0,22.0,43.1,4.0,7.8,4.7,"Lux, Gavin",2025.0,86.0,17.0,5.0,0.0,1.0,25.6,15.1,0.315,0.425,0.419,0.844,0.44,9.0,43.38924247523718
98,686681,"Massey, Michael",L,L,26.82596979554525,27.934788824269397,32.390034013163124,-3.2038568733937742,31.29627993841703,4.470310142871767,686681.0,61.0,20.4,36.1,106.0,86.7,96.7,90.2,84.8,366.0,187.0,0.0,19.0,31.1,2.0,3.3,2.5,"Massey, Michael",2025.0,80.0,12.0,3.0,0.0,0.0,20.0,2.5,0.197,0.237,0.225,0.462,0.246,6.0,38.72964087269636
99,664023,"Happ, Ian",L,L,30.842829059102296,26.3129819817187,27.94547950548533,-5.304739710903822,33.323736561819615,2.480907502717318,664023.0,83.0,19.1,37.3,112.0,87.4,99.0,92.0,83.9,404.0,172.0,374.0,29.0,34.9,5.0,6.0,4.3,"Happ, Ian",2025.0,117.0,19.0,4.0,0.0,2.0,17.1,12.0,0.245,0.343,0.333,0.676,0.284,12.0,40.54199212100039
100,663616,"Larnach, Trevor",L,L,29.134780621563387,27.28559698861246,36.74157911159669,-0.9811331519808912,32.357209509035016,3.222428887471633,663616.0,57.0,7.0,26.3,111.8,89.0,100.2,91.4,88.3,407.0,128.0,407.0,21.0,36.8,1.0,1.8,1.2,"Larnach, Trevor",2025.0,84.0,12.0,1.0,0.0,1.0,19.0,11.9,0.194,0.25,0.298,0.548,0.232,5.0,39.91665372863315
101,621493,"Ward, Taylor",R,R,31.728523392825775,26.43298672458042,22.209651753582424,-28.758768627926557,34.529043540317154,3.1194942173898,621493.0,67.0,18.1,31.3,110.3,91.1,101.8,95.2,86.3,413.0,188.0,372.0,32.0,47.8,7.0,10.4,7.5,"Ward, Taylor",2025.0,93.0,10.0,4.0,0.0,5.0,23.7,4.3,0.216,0.432,0.247,0.679,0.226,8.0,41.29651297471661
102,681481,"Carpenter, Kerry",L,L,32.46467433445977,29.976355291072803,23.19676586771474,-13.16270731788896,24.152972572791622,-8.31170176166814,681481.0,58.0,19.8,41.4,109.2,91.7,101.2,97.6,86.5,403.0,195.0,368.0,27.0,46.6,8.0,13.8,10.4,"Carpenter, Kerry",2025.0,77.0,15.0,3.0,0.0,5.0,20.8,1.3,0.315,0.562,0.338,0.9,0.34,11.0,44.187520366944774
103,672356,"Arias, Gabriel",R,R,29.87154068206521,35.27411006395917,25.72473335734436,-3.435018143382797,34.54914419892313,4.677603516857928,672356.0,48.0,4.3,31.3,109.7,87.4,100.8,95.1,82.6,424.0,132.0,402.0,20.0,41.7,6.0,12.5,7.9,"Arias, Gabriel",2025.0,76.0,12.0,3.0,0.0,4.0,28.9,6.6,0.275,0.493,0.329,0.822,0.341,10.0,46.223065492506905
104,681082,"Stott, Bryson",L,L,26.908226651137785,24.18040733919324,37.24745250119033,-3.32154750025707,24.80937362035392,-2.098853030783862,681082.0,59.0,18.4,35.6,108.5,83.2,93.5,85.5,80.0,399.0,164.0,374.0,13.0,22.0,4.0,6.8,4.6,"Stott, Bryson",2025.0,87.0,16.0,4.0,1.0,2.0,23.0,9.2,0.295,0.449,0.356,0.805,0.368,10.0,36.17657751361109
105,593428,"Bogaerts, Xander",R,R,18.443338149587102,28.19596185404725,27.80113688798525,-11.488317544640884,35.82761960831611,17.384281458728992,593428.0,61.0,11.8,37.7,112.2,91.0,100.5,93.2,87.9,369.0,170.0,0.0,25.0,41.0,1.0,1.6,1.1,"Bogaerts, Xander",2025.0,91.0,13.0,8.0,0.0,0.0,19.8,12.1,0.269,0.372,0.363,0.735,0.344,5.0,33.6922689496404
107,663538,"Hoerner, Nico",R,R,28.6628218289184,26.308856696441158,29.57562761952427,-9.064277742657394,26.98659683139876,-1.6762249975196468,663538.0,73.0,10.3,27.4,104.7,86.5,95.6,87.6,86.4,354.0,144.0,0.0,20.0,27.4,0.0,0.0,0.0,"Hoerner, Nico",2025.0,86.0,21.0,2.0,1.0,0.0,8.1,5.8,0.304,0.354,0.349,0.703,0.329,12.0,38.90646856077017
108,700932,"Manzardo, Kyle",L,L,22.570532449008397,31.0455138876172,35.35762586794837,-4.349129363608024,33.86126674951493,11.29073430050655,700932.0,51.0,19.5,23.5,107.8,90.4,100.9,96.5,78.8,424.0,213.0,396.0,23.0,45.1,10.0,19.6,11.8,"Manzardo, Kyle",2025.0,85.0,5.0,2.0,1.0,7.0,24.7,14.1,0.217,0.58,0.329,0.909,0.182,16.0,38.38297627305592
109,686217,"Frelick, Sal",L,L,29.74724508793352,29.382616174002987,27.717747979192644,-10.48300702465774,25.693224131043447,-4.05402095689008,686217.0,69.0,3.4,30.4,104.8,84.6,97.0,91.0,80.4,408.0,114.0,408.0,22.0,31.9,1.0,1.4,1.1,"Frelick, Sal",2025.0,92.0,21.0,3.0,2.0,1.0,12.0,10.9,0.338,0.463,0.424,0.887,0.382,6.0,41.81192083067181
110,668901,"Vientos, Mark",R,R,25.6082290428404,29.759456937540826,28.27927076961097,-6.998876581157548,27.17969910691292,1.5714700640725177,668901.0,58.0,7.7,36.2,110.4,90.1,99.9,96.6,82.6,371.0,156.0,355.0,20.0,34.5,4.0,6.9,4.9,"Vientos, Mark",2025.0,81.0,6.0,4.0,0.0,2.0,17.3,11.1,0.167,0.306,0.259,0.565,0.179,6.0,39.26075230975486
111,687401,"Ortiz, Joey",R,R,30.688722991254743,28.010256674047696,29.93524375312751,-19.543188836585514,30.162351017528604,-0.5263719737261496,687401.0,68.0,18.7,26.5,108.9,82.7,96.4,88.9,79.5,376.0,141.0,0.0,21.0,30.9,1.0,1.5,1.1,"Ortiz, Joey",2025.0,90.0,13.0,1.0,0.0,0.0,14.4,8.9,0.177,0.19,0.261,0.451,0.212,4.0,41.54963535074647
112,571970,"Muncy, Max",L,L,26.312384210676,28.657886447644348,23.2662977531006,0.004295139401152,36.96679201898977,10.65440780831377,571970.0,41.0,13.4,46.3,108.6,90.8,102.2,97.5,78.9,399.0,184.0,0.0,21.0,51.2,6.0,14.6,7.6,"Muncy, Max",2025.0,79.0,8.0,5.0,0.0,0.0,35.4,11.4,0.191,0.265,0.291,0.556,0.317,4.0,38.9052183967178
114,673237,"Diaz, Yainer",R,R,27.246565003393897,28.86519848627205,33.235384440753094,-0.0917630272482856,33.26624780670604,6.019682803312144,673237.0,51.0,10.6,27.5,109.7,88.7,99.1,91.1,87.6,388.0,154.0,382.0,18.0,35.3,5.0,9.8,7.1,"Diaz, Yainer",2025.0,70.0,7.0,2.0,0.0,1.0,22.9,4.3,0.149,0.224,0.186,0.41,0.18,7.0,39.693513174523254
115,687363,"Scott II, Victor",L,L,22.40996694605446,24.42332987372254,21.436114109750715,-44.78395360117029,28.574709975366527,6.164743029312071,687363.0,55.0,15.9,36.4,106.6,87.0,97.6,91.1,83.8,396.0,168.0,396.0,16.0,29.1,3.0,5.5,3.7,"Scott II, Victor",2025.0,81.0,14.0,3.0,1.0,1.0,23.5,8.6,0.264,0.375,0.325,0.7,0.34,7.0,33.14672926012341
116,596019,"Lindor, Francisco",L,L,25.771670041890967,27.522727684322764,26.82884516311204,-6.057613985902302,29.195229898246605,3.423559856355638,596019.0,75.0,10.9,26.7,109.7,90.6,101.6,95.4,85.7,412.0,160.0,396.0,36.0,48.0,7.0,9.3,7.0,"Lindor, Francisco",2025.0,100.0,16.0,4.0,0.0,5.0,16.0,7.0,0.284,0.5,0.34,0.84,0.286,9.0,37.7051656399158
117,656555,"Hoskins, Rhys",R,R,31.474694323784888,27.614009638633885,25.33656376780692,-1.7741886561599831,33.17359533653986,1.6989010127549768,656555.0,49.0,24.0,42.9,107.6,88.8,99.1,92.6,81.7,440.0,187.0,399.0,21.0,42.9,4.0,8.2,5.3,"Hoskins, Rhys",2025.0,75.0,13.0,1.0,0.0,3.0,20.0,13.3,0.27,0.429,0.373,0.802,0.304,12.0,41.87111069816827
119,665742,"Soto, Juan",L,L,25.308103831756146,28.586704181047075,43.01876871127213,-11.698883767183132,25.345517511463456,0.0374136797073099,665742.0,68.0,6.0,23.5,112.4,93.0,103.3,96.9,90.6,405.0,134.0,382.0,34.0,50.0,4.0,5.9,4.0,"Soto, Juan",2025.0,100.0,12.0,5.0,0.0,3.0,15.0,17.0,0.244,0.415,0.37,0.785,0.262,12.0,38.17983467085268
120,666018,"Aranda, Jonathan",L,L,28.07772755609636,30.57782809594709,31.843954129157343,-20.95441872488857,29.011744376110425,0.9340168200140724,666018.0,51.0,14.2,45.1,111.4,95.1,104.8,96.3,94.9,401.0,193.0,377.0,31.0,60.8,10.0,19.6,13.7,"Aranda, Jonathan",2025.0,73.0,10.0,8.0,0.0,4.0,16.4,12.3,0.355,0.677,0.438,1.115,0.383,13.0,41.51339971358241
121,624424,"Conforto, Michael",L,L,24.739676219132573,28.89106250941738,32.368482838443306,-4.315349005593254,27.71558091941189,2.975904700279326,624424.0,45.0,13.5,35.6,108.4,88.1,98.8,90.7,86.3,419.0,165.0,408.0,17.0,37.8,4.0,8.9,4.9,"Conforto, Michael",2025.0,82.0,7.0,4.0,0.0,2.0,26.8,15.9,0.194,0.343,0.341,0.684,0.256,5.0,38.03610222342158
123,666149,"Fitzgerald, Tyler",R,R,26.915312755410348,25.20143518479996,32.18576719367298,-2.9096827361173667,32.01099073230807,5.095677976897733,666149.0,51.0,15.7,29.4,105.6,86.2,97.5,88.6,84.5,381.0,145.0,375.0,16.0,31.4,3.0,5.9,4.1,"Fitzgerald, Tyler",2025.0,73.0,14.0,4.0,1.0,2.0,23.3,6.8,0.318,0.5,0.366,0.866,0.404,6.0,36.872027284856856
124,683737,"Busch, Michael",L,L,32.018783777486334,26.078831438014763,31.608056839396014,-3.2311928042797216,33.90919250329541,1.890408725809074,683737.0,58.0,15.4,43.1,107.8,90.4,100.0,91.9,87.2,403.0,193.0,386.0,24.0,41.4,6.0,10.3,6.8,"Busch, Michael",2025.0,88.0,13.0,6.0,1.0,5.0,23.9,6.8,0.316,0.608,0.386,0.994,0.377,16.0,41.29537460493377
125,672640,"Lopez, Otto",R,R,28.5590239626174,29.24408827467394,32.36503127060108,-0.7589314889884471,30.345900743922524,1.786876781305125,672640.0,69.0,4.3,37.7,109.9,85.9,96.7,88.9,82.5,418.0,150.0,402.0,19.0,27.5,7.0,10.1,7.8,"Lopez, Otto",2025.0,90.0,12.0,5.0,0.0,2.0,13.3,10.0,0.235,0.37,0.311,0.681,0.254,9.0,40.87584309484364
126,663728,"Raleigh, Cal",L,L,27.61321383481885,23.71996879946837,25.743248874635466,1.03995340761197,34.48043835104976,7.18594391246851,663728.0,58.0,22.3,36.2,110.7,93.5,104.1,97.9,91.7,422.0,202.0,384.0,31.0,53.4,16.0,27.6,16.2,"Raleigh, Cal",2025.0,99.0,8.0,4.0,0.0,9.0,28.3,12.1,0.244,0.605,0.343,0.948,0.245,15.0,36.40228699045136
127,621043,"Correa, Carlos",R,R,25.06744544890125,29.353810095417213,34.06599650709711,-2.2396174969402938,28.017492883246877,2.950047434345628,621043.0,59.0,5.8,28.8,110.1,87.6,99.5,90.2,85.6,391.0,134.0,358.0,22.0,37.3,3.0,5.1,3.8,"Correa, Carlos",2025.0,78.0,7.0,6.0,0.0,1.0,16.7,7.7,0.194,0.319,0.256,0.575,0.224,5.0,38.600815903960594
128,650859,"Rengifo, Luis",L,L,18.279067355054494,26.36360142257166,31.05757476962749,-15.135953443300265,26.3347869016512,8.055719546596706,650859.0,66.0,0.7,33.3,106.4,84.4,95.9,92.0,79.0,402.0,131.0,402.0,16.0,24.2,3.0,4.5,3.6,"Rengifo, Luis",2025.0,83.0,11.0,5.0,0.0,1.0,15.7,4.8,0.218,0.321,0.253,0.574,0.246,7.0,32.08058265273312
129,670770,"Friedl, TJ",L,L,31.77228979772398,24.775822565151326,32.19076647338109,-24.040406990331235,39.93159185430332,8.159302056579335,670770.0,75.0,17.2,32.0,104.6,87.8,97.4,90.0,87.9,379.0,154.0,378.0,24.0,32.0,1.0,1.3,1.0,"Friedl Jr., TJ",2025.0,96.0,20.0,3.0,1.0,1.0,12.5,8.3,0.294,0.388,0.358,0.746,0.329,10.0,40.29044282172159
130,676059,"Westburg, Jordan",R,R,21.782362555477597,32.382601245909214,30.032808458352257,-8.215010152025343,30.89135156798056,9.10898901250296,676059.0,55.0,13.5,25.5,110.0,90.5,102.1,94.6,86.1,434.0,171.0,410.0,24.0,43.6,9.0,16.4,11.5,"Westburg, Jordan",2025.0,78.0,8.0,2.0,0.0,4.0,21.8,6.4,0.194,0.389,0.256,0.645,0.196,5.0,39.02696736808836
131,678662,"Tovar, Ezequiel",R,R,29.5339222093837,24.00570623066205,35.24711975696245,0.4670774022930027,29.75453619182276,0.2206139824390547,678662.0,53.0,15.8,50.9,111.1,91.2,99.6,94.6,85.7,400.0,200.0,0.0,23.0,43.4,3.0,5.7,4.3,"Tovar, Ezequiel",2025.0,70.0,9.0,4.0,1.0,0.0,18.6,4.3,0.212,0.303,0.257,0.56,0.264,4.0,38.05951251267907
132,573262,"Yastrzemski, Mike",L,L,28.0085021329845,24.69336463425192,22.625928886444548,-1.9901602799101528,28.34450277479453,0.3360006418100418,573262.0,47.0,17.4,42.6,106.8,91.0,100.1,94.6,83.2,387.0,195.0,382.0,19.0,40.4,4.0,8.5,5.1,"Yastrzemski, Mike",2025.0,78.0,9.0,6.0,0.0,3.0,20.5,17.9,0.286,0.524,0.423,0.947,0.341,11.0,37.33950252338026
133,676475,"Burleson, Alec",L,L,31.58092767212407,22.69219953507552,22.882904959108792,-11.234598525532569,30.26552480595583,-1.3154028661682329,676475.0,57.0,15.5,14.0,110.4,89.6,99.3,92.8,89.8,373.0,126.0,0.0,20.0,35.1,0.0,0.0,0.0,"Burleson, Alec",2025.0,73.0,13.0,3.0,0.0,0.0,13.7,8.2,0.239,0.284,0.301,0.585,0.281,6.0,38.88818473999029
134,694384,"Schanuel, Nolan",L,L,29.522692911651603,23.88468365396861,32.21849977634761,3.699115273047922,28.658315851012688,-0.8643770606389154,694384.0,64.0,5.1,42.2,109.8,86.5,96.3,90.2,83.3,383.0,152.0,377.0,16.0,25.0,2.0,3.1,2.3,"Schanuel, Nolan",2025.0,86.0,14.0,4.0,1.0,2.0,15.1,9.3,0.273,0.429,0.349,0.778,0.306,7.0,37.974563987040575
136,672580,"Garcia, Maikel",R,R,30.86798988753339,25.785066950874807,31.73600731723733,1.9306968783708751,32.02876821743393,1.1607783299005376,672580.0,60.0,8.8,36.7,108.9,93.6,103.3,97.1,91.8,428.0,161.0,413.0,35.0,58.3,4.0,6.7,4.9,"Garcia, Maikel",2025.0,82.0,14.0,4.0,0.0,2.0,15.9,11.0,0.278,0.417,0.354,0.771,0.31,10.0,40.22067226387396
137,663647,"Hayes, Ke'Bryan",R,R,33.11824938893993,25.90555576078059,24.04533322208032,-16.00650851015487,33.726675452355806,0.6084260634158625,663647.0,60.0,13.1,30.0,108.3,91.6,101.3,96.5,89.2,388.0,150.0,348.0,29.0,48.3,3.0,5.0,3.6,"Hayes, Ke'Bryan",2025.0,83.0,13.0,1.0,1.0,1.0,19.3,8.4,0.211,0.289,0.277,0.566,0.254,9.0,42.04659631721612
138,668709,"Bleday, JJ",L,L,27.2092360176602,30.312486882729125,36.11899800967175,-7.3985734769328335,30.69700353151697,3.4877675138567668,668709.0,62.0,18.4,24.2,109.9,89.6,101.1,91.5,88.8,381.0,153.0,365.0,29.0,46.8,2.0,3.2,2.3,"Bleday, JJ",2025.0,88.0,11.0,3.0,0.0,2.0,17.0,12.5,0.211,0.329,0.307,0.636,0.233,10.0,40.733148487200964
139,668715,"Steer, Spencer",R,R,27.219959489605124,26.62463202927727,37.84996759588615,-4.969638791628927,32.034461922470754,4.814502432865638,668715.0,46.0,13.0,23.9,103.7,86.3,94.9,90.1,84.0,379.0,132.0,379.0,10.0,21.7,2.0,4.3,2.9,"Steer, Spencer",2025.0,70.0,4.0,3.0,0.0,1.0,25.7,8.6,0.125,0.219,0.2,0.419,0.156,4.0,38.07620287410709
141,609280,"Andujar, Miguel",R,R,27.91030776190025,30.70326573208491,25.869631456527088,-0.272703737362436,30.21060958546972,2.3003018235694768,609280.0,56.0,7.2,37.5,111.4,85.9,99.1,90.1,83.1,363.0,137.0,341.0,19.0,33.9,2.0,3.6,2.9,"Andujar, Miguel",2025.0,70.0,16.0,2.0,0.0,1.0,12.9,7.1,0.297,0.375,0.343,0.718,0.327,8.0,41.493081423039776
142,805779,"Wilson, Jacob",R,R,28.16707460525029,26.662485228255065,29.22087636243582,-47.15583448641374,29.237548336216904,1.070473730966615,805779.0,79.0,7.4,36.7,108.5,86.3,96.4,86.4,88.1,414.0,129.0,378.0,23.0,29.1,2.0,2.5,2.4,"Wilson Jr., Jacob",2025.0,82.0,21.0,6.0,0.0,2.0,3.7,0.0,0.354,0.5,0.354,0.854,0.351,10.0,38.784948244965534
143,665833,"Cruz, Oneil",L,L,27.03089859322492,27.163825176138584,40.434622247656016,-10.917875198405214,36.81444429075578,9.783545697530869,665833.0,46.0,13.7,43.5,118.0,93.5,105.2,97.9,85.9,442.0,205.0,394.0,25.0,54.3,9.0,19.6,11.0,"Cruz, Oneil",2025.0,82.0,8.0,2.0,0.0,5.0,26.8,15.9,0.227,0.485,0.354,0.839,0.244,11.0,38.321571953105334
144,669394,"Burger, Jake",R,R,23.02876375253513,33.62034342536935,23.357601121449505,-3.094172510051924,30.45614248856508,7.427378736029937,669394.0,46.0,6.8,23.9,113.0,89.5,103.0,97.8,83.1,429.0,142.0,408.0,20.0,43.5,5.0,10.9,7.1,"Burger, Jake",2025.0,70.0,8.0,2.0,0.0,2.0,30.0,1.4,0.179,0.299,0.214,0.513,0.227,8.0,40.75109142108775
146,650489,"Castro, Willi",L,L,32.40442473724032,23.570387594669647,26.863291191064707,-4.724543038081781,29.127307480344143,-3.277117256896176,650489.0,51.0,16.5,37.3,109.9,85.0,98.1,91.0,79.9,387.0,173.0,387.0,18.0,35.3,3.0,5.9,4.2,"Castro, Willi",2025.0,72.0,8.0,6.0,0.0,1.0,20.8,4.2,0.227,0.364,0.292,0.656,0.28,5.0,40.070062564393744
147,647304,"Naylor, Josh",L,L,24.89151986619782,28.07751663999661,43.88592240734231,-3.222539350759146,25.20483523143892,0.3133153652410989,647304.0,77.0,8.6,31.2,110.8,91.8,102.2,91.8,92.5,417.0,156.0,392.0,34.0,44.2,6.0,7.8,6.3,"Naylor, Josh",2025.0,96.0,18.0,6.0,0.0,4.0,8.3,11.5,0.333,0.548,0.406,0.954,0.329,15.0,37.52245596864106
148,691777,"Muncy, Max",R,R,27.523276445533504,29.158984122117385,33.79786508725517,-23.98675567817436,31.724130676041348,4.640576364556424,691777.0,47.0,12.2,36.2,112.6,87.2,98.1,91.8,85.3,430.0,140.0,430.0,12.0,25.5,2.0,4.3,2.8,"Muncy, Max",2025.0,71.0,7.0,4.0,0.0,1.0,29.6,4.2,0.176,0.279,0.211,0.49,0.239,4.0,40.09709592141497
149,605141,"Betts, Mookie",R,R,24.073124324387773,27.31146056321732,26.891688289639895,-14.484982940986471,32.80598827830732,8.73286395391954,605141.0,66.0,13.5,33.3,101.5,87.4,95.9,88.5,86.3,397.0,183.0,380.0,19.0,28.8,2.0,3.0,2.3,"Betts, Mookie",2025.0,87.0,12.0,2.0,0.0,4.0,9.2,13.8,0.243,0.432,0.356,0.788,0.226,10.0,36.406471853691144
150,664774,"Wade Jr., LaMonte",L,L,30.462238992434425,23.898333726537995,26.4163936513755,-2.800827309425853,33.57954986266938,3.117310870234963,664774.0,39.0,24.8,41.0,107.6,90.7,98.1,91.7,88.5,388.0,231.0,364.0,12.0,30.8,2.0,5.1,2.9,"Wade Jr., LaMonte",2025.0,70.0,1.0,3.0,1.0,1.0,30.0,14.3,0.103,0.241,0.232,0.473,0.135,7.0,38.71793330405402
152,502054,"Pham, Tommy",R,R,31.949627939496423,28.273064953509667,35.99645253906658,-5.590493891430076,31.775066069813526,-0.174561869682897,502054.0,47.0,3.5,21.3,109.9,90.4,101.9,96.9,89.1,386.0,114.0,0.0,22.0,46.8,2.0,4.3,2.6,"Pham, Tommy",2025.0,77.0,7.0,3.0,0.0,0.0,27.3,10.4,0.149,0.194,0.247,0.441,0.213,5.0,42.66315655618589
153,665052,"Conine, Griffin",L,L,30.99358827384372,30.561219181962517,33.44730632363274,-23.019279539553345,28.52188245289502,-2.4717058209486904,665052.0,45.0,8.8,37.8,117.4,91.6,102.6,96.8,86.9,404.0,157.0,404.0,23.0,51.1,7.0,15.6,9.9,"Conine, Griffin",2025.0,71.0,10.0,7.0,0.0,1.0,26.8,9.9,0.281,0.438,0.352,0.79,0.386,7.0,43.52689550124723
154,669127,"Langeliers, Shea",R,R,25.56443679838898,29.3585743174358,35.78102208415847,-13.226108597648617,32.206464284528025,7.059939492375442,669127.0,59.0,12.7,37.3,114.5,91.2,103.4,96.3,86.4,429.0,169.0,403.0,30.0,50.8,7.0,11.9,8.8,"Langeliers, Shea",2025.0,80.0,7.0,3.0,0.0,5.0,15.0,11.3,0.211,0.465,0.3,0.765,0.185,11.0,38.92899067239254
155,467793,"Santana, Carlos",L,L,25.42324797968381,26.771612487486763,23.70628722013556,-26.11615962696161,35.032691435116455,9.999344550904304,467793.0,69.0,12.3,30.4,111.3,87.2,99.6,92.0,89.0,415.0,143.0,413.0,26.0,37.7,6.0,8.7,6.3,"Santana, Carlos",2025.0,95.0,15.0,2.0,0.0,2.0,17.9,8.4,0.224,0.318,0.295,0.613,0.254,6.0,36.919652937380846
157,624428,"Frazier, Adam",L,L,20.42604846624831,22.78253944487301,39.405977032068805,1.4513714498943078,22.530047018244165,2.103998551995854,624428.0,55.0,13.1,32.7,99.5,84.7,93.6,87.6,82.5,351.0,155.0,347.0,10.0,18.2,0.0,0.0,0.0,"Frazier, Adam",2025.0,71.0,10.0,3.0,0.0,1.0,18.3,2.8,0.209,0.299,0.239,0.538,0.241,8.0,30.598489497076805
158,680757,"Kwan, Steven",L,L,23.873312318796938,22.078651151524117,8.363717196037056,-13.055888196005736,29.756252114195515,5.882939795398585,680757.0,78.0,10.7,37.2,104.1,86.3,95.1,87.9,84.4,406.0,154.0,377.0,16.0,20.5,2.0,2.6,2.1,"Kwan, Steven",2025.0,97.0,22.0,3.0,0.0,4.0,10.3,8.2,0.333,0.506,0.396,0.902,0.342,14.0,32.51771636725923
159,700242,"Sweeney, Trey",L,L,26.782216824697706,27.58043239797226,23.099318709251136,-19.030626667930456,34.06681305871388,7.284596234016178,700242.0,54.0,-0.2,25.9,110.8,88.5,100.6,93.7,86.2,409.0,119.0,378.0,22.0,40.7,3.0,5.6,4.1,"Sweeney, Trey",2025.0,73.0,10.0,2.0,1.0,1.0,17.8,8.2,0.209,0.313,0.274,0.587,0.245,8.0,38.44434144713938
160,700250,"Rice, Ben",L,L,29.8690973362386,28.07435101236881,31.94792519825299,-26.097449453636685,29.47124063479073,-0.3978567014478713,700250.0,48.0,8.7,39.6,113.2,96.0,106.4,100.6,92.1,419.0,169.0,392.0,31.0,64.6,12.0,25.0,15.4,"Rice, Ben",2025.0,78.0,10.0,3.0,1.0,5.0,23.1,12.8,0.288,0.591,0.397,0.988,0.326,9.0,40.991854806136665
163,671277,"García Jr., Luis",L,L,26.95407101319445,27.93955827146424,31.795180229065583,-8.574145282658687,33.16942771978005,6.215356706585595,671277.0,59.0,3.6,28.8,108.1,87.8,98.7,92.6,84.9,398.0,143.0,392.0,23.0,39.0,4.0,6.8,5.4,"García, Luis",2025.0,74.0,10.0,3.0,0.0,1.0,12.2,8.1,0.209,0.299,0.27,0.569,0.224,5.0,38.82191211917408
165,645277,"Albies, Ozzie",L,L,35.09752220161094,22.479410479543542,34.62720907724434,-41.516552275317615,36.12817225280986,1.0306500511989078,645277.0,73.0,21.5,34.2,106.8,85.3,95.8,90.2,81.7,413.0,173.0,376.0,20.0,27.4,5.0,6.8,5.3,"Albies, Ozzie",2025.0,94.0,13.0,3.0,0.0,4.0,12.8,9.6,0.235,0.412,0.309,0.721,0.232,11.0,41.679250955366086
166,605137,"Bell, Josh",L,L,28.631245468298527,26.19026696863386,35.34393569506585,-10.794494483665543,25.76806417100569,-2.86318129729284,605137.0,55.0,10.0,25.5,110.3,85.5,98.4,94.2,80.4,400.0,154.0,388.0,18.0,32.7,5.0,9.1,6.0,"Bell, Josh",2025.0,83.0,6.0,0.0,1.0,3.0,19.3,13.3,0.141,0.296,0.265,0.561,0.135,9.0,38.803070767070466
168,690993,"Keith, Colt",L,L,23.370163918472603,30.336972930223784,29.756886822491342,-7.017085954492852,28.94071043791485,5.570546519442249,690993.0,45.0,6.5,35.6,108.9,83.6,97.0,91.6,77.9,380.0,149.0,0.0,14.0,31.1,2.0,4.4,2.6,"Keith, Colt",2025.0,77.0,10.0,2.0,0.0,0.0,23.4,18.2,0.19,0.222,0.338,0.56,0.267,2.0,38.29486242494428
171,600869,"Candelario, Jeimer",L,L,26.933935861167228,27.60170827744375,34.30942590008813,-9.532459595026513,30.320613570784573,3.3866777096173486,600869.0,45.0,9.7,20.0,107.5,87.6,96.3,93.0,83.5,415.0,147.0,400.0,12.0,26.7,3.0,6.7,3.8,"Candelario, Jeimer",2025.0,79.0,5.0,2.0,0.0,2.0,31.6,11.4,0.13,0.246,0.228,0.474,0.163,8.0,38.56541456806314
174,542303,"Ozuna, Marcell",R,R,33.604149620372894,26.033048785613737,33.88659727685319,-23.63189140165135,31.66865055846391,-1.9354990619089956,542303.0,44.0,19.0,45.5,109.8,95.3,104.3,97.5,93.7,425.0,197.0,407.0,23.0,52.3,5.0,11.4,6.2,"Ozuna, Marcell",2025.0,81.0,14.0,2.0,0.0,4.0,22.2,23.5,0.323,0.548,0.481,1.029,0.4,9.0,42.50833448610464
175,643396,"Kiner-Falefa, Isiah",R,R,28.54627737282672,26.99451276583818,26.67209079985904,-27.49755634972223,28.846705190823755,0.3004278179970399,643396.0,58.0,6.9,36.2,104.9,87.5,97.6,89.7,88.1,368.0,135.0,0.0,20.0,34.5,0.0,0.0,0.0,"Kiner-Falefa, Isiah",2025.0,78.0,16.0,2.0,1.0,0.0,17.9,6.4,0.268,0.324,0.325,0.649,0.333,5.0,39.28859467213557
177,686611,"Crews, Dylan",R,R,29.12893014292499,26.97361208148764,29.595784525033945,-14.681962991484694,28.04883397633392,-1.0800961665910744,686611.0,52.0,5.8,32.7,111.1,90.2,101.1,96.8,84.4,428.0,154.0,418.0,20.0,38.5,7.0,13.5,9.6,"Crews, Dylan",2025.0,73.0,10.0,1.0,0.0,2.0,24.7,4.1,0.186,0.286,0.219,0.505,0.22,4.0,39.69975214020838
179,608070,"Ramírez, José",L,L,28.853080578171312,21.59220427678841,26.8270455425813,-12.228469578782498,31.755290606668083,2.902210028496772,608070.0,71.0,26.2,40.8,111.3,88.3,97.8,92.1,85.7,408.0,206.0,391.0,23.0,32.4,8.0,11.3,9.0,"Ramírez, José",2025.0,89.0,12.0,4.0,0.0,5.0,10.1,9.0,0.276,0.526,0.337,0.863,0.242,9.0,36.03780715278062
183,672695,"Perdomo, Geraldo",L,L,16.926359837126974,26.122817588694254,40.56038041625431,-6.642590020329126,25.128901233339427,8.20254139621246,672695.0,74.0,15.0,43.2,105.6,89.8,97.4,92.4,88.4,399.0,185.0,380.0,23.0,31.1,4.0,5.4,4.0,"Perdomo, Geraldo",2025.0,99.0,16.0,3.0,0.0,3.0,9.1,16.2,0.286,0.442,0.392,0.834,0.275,19.0,31.12721086297484
190,669364,"Edwards, Xavier",L,L,17.311651885138993,24.313410333666557,28.553194148765808,-9.83137635981729,26.9344952018263,9.622843316687309,669364.0,72.0,10.6,33.3,102.5,83.8,94.2,87.6,82.1,340.0,146.0,0.0,17.0,23.6,0.0,0.0,0.0,"Edwards, Xavier",2025.0,105.0,23.0,3.0,0.0,0.0,19.0,11.4,0.286,0.319,0.371,0.69,0.361,7.0,29.84686270021491
191,676572,"Wagaman, Eric",R,R,22.722870221249835,28.946075196726294,28.979642707276216,-1.4302292865643795,32.40180838497749,9.678938163727654,676572.0,55.0,8.2,40.0,109.7,89.9,101.8,95.1,85.8,427.0,164.0,419.0,28.0,50.9,5.0,9.1,7.0,"Wagaman, Eric",2025.0,71.0,11.0,4.0,0.0,3.0,14.1,8.5,0.277,0.477,0.338,0.815,0.288,6.0,36.799512230276854
192,543807,"Springer, George",R,R,26.923141465735583,27.05723953001937,28.299500342889296,-6.558098644417597,21.83717517705312,-5.0859662886824655,543807.0,45.0,14.1,42.2,112.3,92.2,102.7,95.9,88.1,422.0,173.0,395.0,24.0,53.3,8.0,17.8,10.8,"Springer III, George",2025.0,74.0,14.0,5.0,1.0,2.0,25.7,12.2,0.349,0.556,0.425,0.981,0.465,11.0,38.17001123092386
212,669257,"Smith, Will",R,R,30.772989597100736,28.30233108942636,21.31383410785823,-12.325123113116916,29.73633039057512,-1.03665920652562,669257.0,41.0,25.9,41.5,105.5,89.4,98.3,91.3,89.6,396.0,195.0,383.0,17.0,41.5,4.0,9.8,5.7,"Smith, Will",2025.0,70.0,14.0,3.0,0.0,2.0,24.3,15.7,0.339,0.5,0.443,0.943,0.436,13.0,41.80907597446731
214,682829,"De La Cruz, Elly",L,L,28.642120029936237,33.391137743570965,30.877170168268467,-37.3788973492467,38.32028456841034,9.678164538474109,682829.0,58.0,7.8,34.5,111.9,92.6,103.9,96.3,89.8,436.0,159.0,406.0,31.0,53.4,11.0,19.0,11.0,"De La Cruz, Elly",2025.0,100.0,14.0,3.0,0.0,5.0,33.0,9.0,0.242,0.44,0.31,0.75,0.321,22.0,43.992489354654666
215,669911,"Toglia, Michael",L,L,26.408057462719764,29.849166296206413,32.978602129611225,-6.381862636875289,29.973718259078133,3.565660796358369,669911.0,38.0,10.7,31.6,109.6,91.6,102.1,93.2,90.1,418.0,160.0,418.0,20.0,52.6,3.0,7.9,3.9,"Toglia, Michael",2025.0,76.0,9.0,3.0,0.0,1.0,46.1,2.6,0.181,0.264,0.211,0.475,0.324,6.0,39.85421216801173
218,669242,"Edman, Tommy",L,L,28.991707884071523,24.61999260907401,23.344613029870622,-12.44206678454752,30.805501408727352,1.813793524655836,669242.0,75.0,16.3,38.7,108.6,90.7,101.4,93.5,88.9,423.0,187.0,401.0,36.0,48.0,9.0,12.0,9.6,"Edman, Tommy",2025.0,94.0,13.0,2.0,1.0,7.0,14.9,3.2,0.261,0.545,0.298,0.843,0.235,15.0,38.03502546477646
228,668939,"Rutschman, Adley",L,L,26.5005547802716,26.773559589371622,39.144219776980094,-17.532098539929994,27.715105142829024,1.214550362557425,668939.0,62.0,16.9,38.7,110.2,90.4,100.0,93.8,85.2,436.0,198.0,420.0,23.0,37.1,8.0,12.9,9.2,"Rutschman, Adley",2025.0,87.0,10.0,2.0,0.0,4.0,17.2,11.5,0.208,0.39,0.299,0.689,0.207,7.0,37.67098215799276
235,660688,"Ruiz, Keibert",L,L,34.4356120621724,24.74446267429872,27.2612436051023,-26.519231684075056,37.58872234960791,3.153110287435513,660688.0,64.0,8.1,32.8,107.8,84.0,96.3,87.7,83.8,414.0,140.0,393.0,19.0,29.7,1.0,1.6,1.3,"Ruiz, Keibert",2025.0,78.0,18.0,2.0,0.0,2.0,10.3,5.1,0.306,0.417,0.359,0.776,0.323,11.0,42.40400701745292
244,691176,"Domínguez, Jasson",L,L,26.09916505628206,23.560742677050843,20.428424712919867,-23.21225340641637,30.965218779573107,4.866053723291039,691176.0,44.0,12.5,25.0,110.2,87.6,102.0,92.8,89.2,445.0,147.0,411.0,22.0,50.0,4.0,9.1,5.1,"Domínguez, Jasson",2025.0,78.0,9.0,5.0,0.0,2.0,32.1,10.3,0.232,0.391,0.321,0.712,0.333,9.0,35.1607026683094
247,669364,"Edwards, Xavier",R,R,16.14340800160091,24.092389533500388,27.647685288707,-10.651928888817851,30.33298125929961,14.189573257698711,669364.0,72.0,10.6,33.3,102.5,83.8,94.2,87.6,82.1,340.0,146.0,0.0,17.0,23.6,0.0,0.0,0.0,"Edwards, Xavier",2025.0,105.0,23.0,3.0,0.0,0.0,19.0,11.4,0.286,0.319,0.371,0.69,0.361,7.0,29.000911284648822
250,691176,"Domínguez, Jasson",R,R,28.56217376146441,24.264600304649072,21.545671949874357,-28.19694274452897,29.51472337334249,0.95254961187808,691176.0,44.0,12.5,25.0,110.2,87.6,102.0,92.8,89.2,445.0,147.0,411.0,22.0,50.0,4.0,9.1,5.1,"Domínguez, Jasson",2025.0,78.0,9.0,5.0,0.0,2.0,32.1,10.3,0.232,0.391,0.321,0.712,0.333,9.0,37.47757460034549
251,663728,"Raleigh, Cal",R,R,25.158248606446826,25.16569919079859,25.47414548052813,-2.5088198569830964,40.83189078132785,16.252409896120234,663728.0,58.0,22.3,36.2,110.7,93.5,104.1,97.9,91.7,422.0,202.0,384.0,31.0,53.4,16.0,27.6,16.2,"Raleigh, Cal",2025.0,99.0,8.0,4.0,0.0,9.0,28.3,12.1,0.244,0.605,0.343,0.948,0.245,15.0,35.58440513350679
253,664023,"Happ, Ian",R,R,28.069557149227787,29.211299907154277,25.315157940667287,1.3983395944857118,34.64223250441683,6.572675355189048,664023.0,83.0,19.1,37.3,112.0,87.4,99.0,92.0,83.9,404.0,172.0,374.0,29.0,34.9,5.0,6.0,4.3,"Happ, Ian",2025.0,117.0,19.0,4.0,0.0,2.0,17.1,12.0,0.245,0.343,0.333,0.676,0.284,12.0,40.511727694822845
256,668804,"Reynolds, Bryan",R,R,30.950125296208203,29.094235543269097,31.635615389333974,-0.0383967797219636,27.068170164077635,-3.881955132130564,668804.0,59.0,5.6,39.0,112.0,92.0,103.0,94.6,89.6,410.0,153.0,391.0,26.0,44.1,8.0,13.6,8.0,"Reynolds, Bryan",2025.0,100.0,15.0,4.0,0.0,3.0,32.0,8.0,0.244,0.389,0.31,0.699,0.339,10.0,42.478050775644235
257,669911,"Toglia, Michael",R,R,22.10642678241849,30.5162399091568,33.54125890559979,-4.180092481947214,30.776930322656764,8.670503540238272,669911.0,38.0,10.7,31.6,109.6,91.6,102.1,93.2,90.1,418.0,160.0,418.0,20.0,52.6,3.0,7.9,3.9,"Toglia, Michael",2025.0,76.0,9.0,3.0,0.0,1.0,46.1,2.6,0.181,0.264,0.211,0.475,0.324,6.0,37.68202493603076
259,682829,"De La Cruz, Elly",R,R,30.1054620248942,32.884691735997755,32.38177454521114,-31.44879691277544,39.29481601518709,9.189353990292886,682829.0,58.0,7.8,34.5,111.9,92.6,103.9,96.3,89.8,436.0,159.0,406.0,31.0,53.4,11.0,19.0,11.0,"De La Cruz, Elly",2025.0,100.0,14.0,3.0,0.0,5.0,33.0,9.0,0.242,0.44,0.31,0.75,0.321,22.0,44.58409799809733
262,600869,"Candelario, Jeimer",R,R,27.11875652713345,26.77810391392928,36.23001570404757,-4.5864956241962265,31.37731463944972,4.258558112316276,600869.0,45.0,9.7,20.0,107.5,87.6,96.3,93.0,83.5,415.0,147.0,400.0,12.0,26.7,3.0,6.7,3.8,"Candelario, Jeimer",2025.0,79.0,5.0,2.0,0.0,2.0,31.6,11.4,0.13,0.246,0.228,0.474,0.163,8.0,38.11159672334836
263,660688,"Ruiz, Keibert",R,R,29.50405898123796,30.93698221457995,30.056616887342766,-19.548827977781208,35.30493303525797,6.6876258745528645,660688.0,64.0,8.1,32.8,107.8,84.0,96.3,87.7,83.8,414.0,140.0,393.0,19.0,29.7,1.0,1.6,1.3,"Ruiz, Keibert",2025.0,78.0,18.0,2.0,0.0,2.0,10.3,5.1,0.306,0.417,0.359,0.776,0.323,11.0,42.75027912088533
264,467793,"Santana, Carlos",R,R,28.647756219593745,28.105758909829213,27.60480588407132,-24.83066857926865,32.03205107340677,3.3842948538130244,467793.0,69.0,12.3,30.4,111.3,87.2,99.6,92.0,89.0,415.0,143.0,413.0,26.0,37.7,6.0,8.7,6.3,"Santana, Carlos",2025.0,95.0,15.0,2.0,0.0,2.0,17.9,8.4,0.224,0.318,0.295,0.613,0.254,6.0,40.13262538527372
265,645277,"Albies, Ozzie",R,R,33.91603158497797,18.13346576687813,27.29476150242552,-53.5240472101674,30.227391399453317,-3.6886401855246618,645277.0,73.0,21.5,34.2,106.8,85.3,95.8,90.2,81.7,413.0,173.0,376.0,20.0,27.4,5.0,6.8,5.3,"Albies, Ozzie",2025.0,94.0,13.0,3.0,0.0,4.0,12.8,9.6,0.235,0.412,0.309,0.721,0.232,11.0,38.45932629664441
266,608070,"Ramírez, José",R,R,28.756245671195146,25.80017902550981,27.837296203473688,-7.120261513208052,34.219329281161635,5.4630836099664855,608070.0,71.0,26.2,40.8,111.3,88.3,97.8,92.1,85.7,408.0,206.0,391.0,23.0,32.4,8.0,11.3,9.0,"Ramírez, José",2025.0,89.0,12.0,4.0,0.0,5.0,10.1,9.0,0.276,0.526,0.337,0.863,0.242,9.0,38.63380518212626
267,669242,"Edman, Tommy",R,R,26.06974163284282,28.86788893207788,23.47587679691754,-5.7456833800023865,29.912600340394164,3.842858707551344,669242.0,75.0,16.3,38.7,108.6,90.7,101.4,93.5,88.9,423.0,187.0,401.0,36.0,48.0,9.0,12.0,9.6,"Edman, Tommy",2025.0,94.0,13.0,2.0,1.0,7.0,14.9,3.2,0.261,0.545,0.298,0.843,0.235,15.0,38.8971263745532
268,605137,"Bell, Josh",R,R,31.91221691814224,27.0466628905344,26.512147440333383,-18.89346216215682,23.722430647931848,-8.189786270210393,605137.0,55.0,10.0,25.5,110.3,85.5,98.4,94.2,80.4,400.0,154.0,388.0,18.0,32.7,5.0,9.1,6.0,"Bell, Josh",2025.0,83.0,6.0,0.0,1.0,3.0,19.3,13.3,0.141,0.296,0.265,0.561,0.135,9.0,41.83194427880175
272,623993,"Santander, Anthony",R,R,23.315919307199387,27.912931721771837,30.037103020595683,-5.291327680913227,28.690787195641068,5.374867888441681,623993.0,70.0,18.1,27.1,110.4,90.1,98.9,92.3,88.8,409.0,165.0,407.0,25.0,35.7,3.0,4.3,2.9,"Santander, Anthony",2025.0,102.0,12.0,4.0,0.0,2.0,22.5,8.8,0.196,0.304,0.265,0.569,0.235,8.0,36.369820599559326
273,672695,"Perdomo, Geraldo",R,R,20.73785664601829,26.71149923520374,42.18528140593411,-13.13507579900224,26.235832357921947,5.497975711903653,672695.0,74.0,15.0,43.2,105.6,89.8,97.4,92.4,88.4,399.0,185.0,380.0,23.0,31.1,4.0,5.4,4.0,"Perdomo, Geraldo",2025.0,99.0,16.0,3.0,0.0,3.0,9.1,16.2,0.286,0.442,0.392,0.834,0.275,19.0,33.81660671420323
275,596019,"Lindor, Francisco",R,R,25.864290206433196,27.12263227567809,26.20930867128193,-10.401821076546518,32.68630243893457,6.822012232501376,596019.0,75.0,10.9,26.7,109.7,90.6,101.6,95.4,85.7,412.0,160.0,396.0,36.0,48.0,7.0,9.3,7.0,"Lindor, Francisco",2025.0,100.0,16.0,4.0,0.0,5.0,16.0,7.0,0.284,0.5,0.34,0.84,0.286,9.0,37.47797605853671
276,650489,"Castro, Willi",R,R,33.698211622875654,27.90880761154542,25.85064295426517,0.3844437248002984,30.53962487829693,-3.158586744578724,650489.0,51.0,16.5,37.3,109.9,85.0,98.1,91.0,79.9,387.0,173.0,387.0,18.0,35.3,3.0,5.9,4.2,"Castro, Willi",2025.0,72.0,8.0,6.0,0.0,1.0,20.8,4.2,0.227,0.364,0.292,0.656,0.28,5.0,43.75466842381927
278,668939,"Rutschman, Adley",R,R,27.155628453253865,27.02574649226603,40.33527077853893,-3.099274190551776,27.3108384409647,0.1552099877108332,668939.0,62.0,16.9,38.7,110.2,90.4,100.0,93.8,85.2,436.0,198.0,420.0,23.0,37.1,8.0,12.9,9.2,"Rutschman, Adley",2025.0,87.0,10.0,2.0,0.0,4.0,17.2,11.5,0.208,0.39,0.299,0.689,0.207,7.0,38.3121277163694
279,650859,"Rengifo, Luis",R,R,17.250492661739596,27.122081150598525,36.60089785676335,-18.448986711138584,29.169174031033798,11.918681369294198,650859.0,66.0,0.7,33.3,106.4,84.4,95.9,92.0,79.0,402.0,131.0,402.0,16.0,24.2,3.0,4.5,3.6,"Rengifo, Luis",2025.0,83.0,11.0,5.0,0.0,1.0,15.7,4.8,0.218,0.321,0.253,0.574,0.246,7.0,32.14322297176161
