"id","name","bat_side","side","avg_batter_y_position","avg_batter_x_position","avg_foot_sep","avg_stance_angle","avg_intercept_y_vs_batter","avg_intercept_y_vs_plate"
646240,"Devers, Rafael","L","L",22.27937795378408,26.74855120836186,30.539244124985807,-62.212800491055106,24.976057652354335,2.6966796985702572
671218,"Ramos, Heliot","R","R",25.12690934141645,26.3314323597261,27.614107896845805,-3.0899532824716403,27.65825158302288,2.5313422416064313
596115,"Story, Trevor","R","R",25.37464689131438,29.54474023612442,35.94425120540662,-23.65170903305422,34.736566761472105,9.58966385109916
694192,"Chourio, Jackson","R","R",24.504448063246148,29.431268175521204,40.65806153942583,1.1255423554876716,28.70612657354853,4.20167851030239
666182,"Bichette, Bo","R","R",26.98413035791039,25.91074274360668,36.2383980977731,2.1110138771750924,24.651266886587795,-2.3328634713225966
663586,"Riley, Austin","R","R",28.494309273469447,27.941778509272563,29.6514412873601,-10.784047000645776,35.556966310139444,7.0626570366699895
677594,"Rodríguez, Julio","R","R",21.810341661493798,30.219299317601237,30.449373353543503,0.4086595865090798,30.59395000465367,8.783608343159877
592518,"Machado, Manny","R","R",21.59357859191458,31.238397649537838,32.03055549403238,-37.313997471328506,30.96384947333884,9.370270881424268
663656,"Tucker, Kyle","L","L",27.309307547511608,30.66484310861609,36.84805175675433,-2.643687629236777,28.866462231190127,1.5571546836785188
592206,"Castellanos, Nick","R","R",28.814935576728782,29.30444980091673,28.392785287062317,-5.296276484321542,30.015632055261918,1.200696478533132
668930,"Turang, Brice","L","L",29.8425691394089,27.695572216269884,26.535706070150113,-10.239105150794188,30.73917183297109,0.8966026935621905
667670,"Rooker, Brent","R","R",31.439598394792313,27.406597858760758,27.632983130331823,-14.633797468845348,33.51975160481149,2.0801532100191693
682985,"Greene, Riley","L","L",28.62109288488028,24.262024348988287,27.694209164090154,-5.87068238307046,32.31561586607617,4.341474294303303
679529,"Torkelson, Spencer","R","R",34.18635374445052,27.815030044317414,25.579165569515872,-16.032751716367976,31.38928619237486,-2.7970675520756547
521692,"Perez, Salvador","R","R",29.386432095683585,27.518075358832085,33.66282009802996,-29.18062925893502,30.775172483888642,1.3887403882050542
691718,"Crow-Armstrong, Pete","L","L",31.440108935465155,27.44812481623454,34.989920529647264,-0.6180727073695425,31.99676243405923,0.5566534985940805
642715,"Adames, Willy","R","R",29.33507687423891,30.179443112274058,33.15079490605663,1.4914503879127496,30.16647435450328,0.8313974802643713
665926,"Giménez, Andrés","L","L",27.6274329132921,30.60876995786944,28.338373161400714,-20.03677658811885,29.74894825532279,2.12151534203068
677951,"Witt Jr., Bobby","R","R",26.88312259795743,24.417445949992903,33.22563461580447,-15.943785739246465,28.446939673504822,1.5638170755473872
547180,"Harper, Bryce","L","L",22.76052888694988,29.404480156145564,32.866301581740196,-16.407556340364838,34.89799748004331,12.137468593093423
682998,"Carroll, Corbin","L","L",30.01458692849255,29.73062449623084,26.19353560879766,-2.2602347413812622,38.1264572573148,8.111870328822242
607043,"Nimmo, Brandon","L","L",28.499199913095943,31.063762364647474,25.81575701831758,-10.087282097131418,27.079449013863055,-1.4197508992328878
665862,"Chisholm Jr., Jazz","L","L",28.69083533291699,25.05097096329719,33.373305069503665,-3.554185594467971,28.439197583326163,-0.2516377495908273
680776,"Duran, Jarren","L","L",28.59600193508503,31.418885260777564,23.25463902879019,-2.519978477947793,28.338556483062895,-0.257445452022143
575929,"Contreras, Willson","R","R",19.553483843336664,30.812592623592792,25.609406076289293,-6.363157697581741,28.10427686083208,8.831730528076903
592450,"Judge, Aaron","R","R",29.43357747282308,32.67609712600605,29.531732703968483,-4.735653410758842,31.796491549779255,2.36291407695618
621020,"Swanson, Dansby","R","R",30.205541023524034,26.57817724205879,23.42287208268657,-10.219712506271806,32.61114958541197,2.4056085618879273
668227,"Arozarena, Randy","R","R",18.7310767253026,25.58164326956743,16.500431866348475,3.495733188940513,30.48997977780735,11.758903052504749
665487,"Tatis Jr., Fernando","R","R",25.790344287610626,29.39492410335523,20.501166309163917,-49.25840300365102,27.187880977540114,1.3975366899294883
691023,"Walker, Jordan","R","R",25.686427247562094,29.94557081274323,27.73488068725232,-17.987142454954135,30.348365426402662,4.661938178840561
641857,"McMahon, Ryan","L","L",21.854952507901917,30.295591976961873,44.20594202426427,2.7155796527369898,28.00319632740226,6.1482438195003475
572233,"Walker, Christian","R","R",27.459120408727888,27.39834925594949,27.11252011799587,-19.14900004254867,31.723818659001694,4.26469825027381
670623,"Paredes, Isaac","R","R",30.736499435928007,26.655940221322375,29.36229464717376,-36.09404384262594,37.8518466677427,7.350760737436438
624413,"Alonso, Pete","R","R",23.374860311130472,27.709528334352026,31.35727582077516,4.2026029360747135,30.28134645058265,6.906486139452177
695578,"Wood, James","L","L",30.349895125407222,29.779744627852896,29.861871685642555,-24.04713711873688,30.128635103100184,-0.2212600223070389
553993,"Suárez, Eugenio","R","R",19.01332708095688,23.098777037468267,26.395481838954908,-19.289742635972278,36.2725132997185,17.259186218761613
666969,"García, Adolis","R","R",27.292563817287053,25.390446025718237,28.136672769557414,-14.454843281229543,33.37596817836876,6.321918261571067
545361,"Trout, Mike","R","R",30.297420111638125,25.6079110282527,29.333329082888493,-9.568862210629046,25.731480072085997,-4.565940039552125
677800,"Abreu, Wilyer","L","L",30.645967608648558,26.042306519758533,32.73528630628063,-23.52806012876022,29.985041285792235,-0.66092632285633
664034,"France, Ty","R","R",28.74786830706772,27.40724274551272,31.48710414780593,-28.432988756784223,27.739615624039455,-1.0082526830282674
663993,"Lowe, Nathaniel","L","L",25.968793421018464,31.477787799154523,33.90265732468539,-10.151062944003769,26.659962928022715,0.6911695070042541
669065,"Stowers, Kyle","L","L",29.617142780480687,29.755222809165677,32.376898468322345,-8.228001319140137,29.48132101800461,-0.1358217624760698
808982,"Lee, Jung Hoo","L","L",26.905988124647553,21.545316165912702,29.443769072598723,-39.85169476643832,30.786099777183388,3.8801116525358417
680977,"Donovan, Brendan","L","L",26.80830823783102,28.834694016649483,35.382576071063006,-8.472001194951117,24.512816622243346,-2.295491615587668
650490,"Díaz, Yandy","R","R",30.53631132623878,29.537235838716395,29.2461637542162,-31.944378023293314,30.95464112694375,0.4183298007049636
678246,"Vargas, Miguel","R","R",30.30267890113161,28.579616820014653,28.37278214786818,-5.876727728905235,33.99832332460186,3.695644423470249
670541,"Alvarez, Yordan","L","L",25.52754547621206,27.80944108451572,39.08662783575212,-8.389202013640846,37.02368359039879,11.49613811418672
683734,"Vaughn, Andrew","R","R",31.131476769645555,30.182045180805705,31.015784316054734,5.149402839253945,29.64281235389265,-1.488664415752897
621566,"Olson, Matt","L","L",30.525150024354346,30.386043444928113,32.03605140260727,-8.633100254836497,30.645714994994613,0.12056497064025962
691406,"Caminero, Junior","R","R",28.200805452616358,28.383288329492775,28.414546939157283,-24.52645168571884,34.120603056991285,5.919797604374928
678882,"Rafaela, Ceddanne","R","R",29.27110881200009,27.43146410179596,22.57592769988862,-17.73074313125803,31.532117964266913,2.261009152266819
608324,"Bregman, Alex","R","R",28.136529741130495,24.50834387601808,29.849518062739648,7.320698807544942,31.82430709609629,3.687777354965789
623993,"Santander, Anthony","L","L",19.05890578888939,26.993564618228064,31.612627487864565,-4.235222805045772,34.12863829685556,15.06973250796618
656941,"Schwarber, Kyle","L","L",21.16038240626494,25.926928327445065,32.27794728549836,-5.121175899752311,32.429479241689805,11.269096835424868
656305,"Chapman, Matt","R","R",29.156730463320315,29.74079963240354,26.42655268691664,-12.747015727813393,27.189999173110394,-1.9667312902099194
592885,"Yelich, Christian","L","L",27.452350182010424,29.126396867651813,31.613679282060293,-0.6931698030392958,28.787762843104204,1.3354126610937769
681624,"Pages, Andy","R","R",30.76977145731574,28.89300605587591,19.846012712272557,-18.265646356398523,30.531436770391306,-0.2383346869244356
671739,"Harris II, Michael","L","L",31.238815469736448,28.772463659147693,18.64249289765645,-10.53411890478913,28.47721391875715,-2.7616015509792966
514888,"Altuve, Jose","R","R",13.320400054326843,31.348832449297316,29.10323796107234,-19.170863680218655,27.147693630606195,13.827293576279349
543760,"Semien, Marcus","R","R",27.12257378338625,24.000803813163838,30.512011545962352,-0.8207163197970251,31.99533078084692,4.935274790184462
683011,"Volpe, Anthony","R","R",30.432162616381433,27.907028001277446,27.581806179434395,-1.5096390983017354,25.174242312574453,-4.886824212399016
671213,"Casas, Triston","L","L",32.37417235885879,29.550555797787677,25.3471367567657,-3.814917549036018,33.04331084374335,0.6691384848845559
665161,"Peña, Jeremy","R","R",29.84294831996025,26.206596178902267,34.237311669138805,-15.859978109661064,30.34266474988512,0.4997164299248631
666971,"Gurriel Jr., Lourdes","R","R",28.630008831310132,25.194414598962467,24.564104294150727,-14.35532582199274,31.852539836889097,3.222531005578972
661388,"Contreras, William","R","R",28.13919401595229,28.312057496222792,28.449985853430093,4.283630863555269,28.008714109439307,-0.1304799065129849
665489,"Guerrero Jr., Vladimir","R","R",27.4007133165081,29.347948968274217,25.629393563448367,-10.037765114562772,33.079857988449916,5.679144671941824
607208,"Turner, Trea","R","R",27.36571323054731,28.246506726009255,39.405683281212475,0.3098419234864827,29.044935302274332,1.6792220717270183
664761,"Bohm, Alec","R","R",24.566642549597894,29.628417514427703,37.015488722756984,-4.705344778795764,27.74026170756447,3.173619157966577
641355,"Bellinger, Cody","L","L",33.85326137298798,20.252030673120657,21.130848998407867,-1.0958254573324209,30.680126843595392,-3.1731345293925877
669224,"Wells, Austin","L","L",30.733425325281665,23.59359090019348,26.209085869019713,-3.7166857568089826,29.26665314259972,-1.4667721826819573
656716,"McKinstry, Zach","L","L",27.007004773825134,27.198098031914633,33.83275402100875,-0.4044176986692044,24.087189486881154,-2.9198152869439795
692225,"Campbell, Kristian","R","R",27.449790108958652,30.60016821873999,31.996736484306428,12.56897884811641,31.257177796137285,3.8073876871786325
502671,"Goldschmidt, Paul","R","R",25.69962582644925,33.241396746830524,36.024539272017655,-10.202799810890477,21.35377009012036,-4.345855736328893
527038,"Flores, Wilmer","R","R",28.136333081266663,25.65391680576056,41.42294212168617,-8.70055093523138,31.97270879881665,3.836375717549995
671732,"Butler, Lawrence","L","L",26.78707473309316,31.767649984020085,31.597013180993933,1.234999054464203,28.097345051844655,1.310270318751499
606192,"Hernández, Teoscar","R","R",30.72090236971966,29.92550709489345,28.142333190087452,-1.2830675842260653,31.982116049444755,1.623703752589698
673357,"Robert Jr., Luis","R","R",31.683390269334623,27.054757534553254,34.43453614563569,-22.32824159783349,30.280482551083384,-1.4029077182512406
691016,"Soderstrom, Tyler","L","L",29.81263079891758,29.999090565692615,33.241679671375714,-8.170363049457343,30.134391262437173,0.32176046351959897
660271,"Ohtani, Shohei","L","L",29.244671870244453,31.268919280385223,35.3259048115535,-10.459642203685277,29.36336983689927,0.11869796665482113
663457,"Nootbaar, Lars","L","L",27.963139500133398,27.028043616078534,22.326560698154317,-18.78750867381894,34.79608320115959,6.832943701026181
621439,"Buxton, Byron","R","R",25.510763083286164,27.87695115462242,28.634554969895124,-0.7224238771708875,29.114220695621754,3.603457612335589
596146,"Kepler, Max","L","L",33.26029416012705,32.10595215096899,35.23114112288534,-28.075609166109103,31.21647356648366,-2.0438205936433924
673548,"Suzuki, Seiya","R","R",27.512605521804854,27.880193286530744,29.670737874864646,-4.298220637963639,33.204464648137474,5.691859126332609
686469,"Pasquantino, Vinnie","L","L",28.12436967241143,30.78758688404199,37.17187982438112,-21.82922010473715,33.33280281166141,5.208433139249973
624585,"Soler, Jorge","R","R",29.327212348590457,29.3961189737329,38.325655150147206,-17.73620587460207,28.932417941098507,-0.3947944074919434
608369,"Seager, Corey","L","L",27.89090032899289,30.316907221648496,28.71003164362592,-32.35969817793482,32.95349745994818,5.0625971309552895
672820,"Sosa, Lenyn","R","R",30.187279279086486,27.85451427864875,29.713055310639135,-10.032791317902204,31.911819443483694,1.7245401643972045
668804,"Reynolds, Bryan","L","L",25.180049456311718,27.524081846575175,43.78089580875055,-4.344117451566945,27.40323907641829,2.2231896201065666
641487,"Crawford, J.P.","L","L",35.51342883256636,27.441602488549762,32.3471065262778,-24.689286413571388,34.309682803033986,-1.203746029532386
696100,"Goodman, Hunter","R","R",27.812621820815185,28.385196823712377,18.817934651183975,-14.857108370315302,38.56787349906743,11.011454157947924
656775,"Mullins, Cedric","L","L",30.692972831750627,24.911028454132914,29.83522415408943,-11.206455139274015,28.95687346040543,-1.736099371345201
663697,"India, Jonathan","R","R",26.257066054329943,28.175811973519966,30.413876969154312,-13.958238505633814,30.28382141368888,4.026755359358937
571448,"Arenado, Nolan","R","R",30.662267841393355,30.013622857336244,31.466940967115153,-3.0729165708180965,36.66252428262109,6.000256441227741
650333,"Arraez, Luis","L","L",34.292116005384464,25.436232636278053,27.883061488038063,-23.64847505811643,34.028298553996095,-0.2638174513883911
670042,"Raley, Luke","L","L",25.090388798231178,28.494728448696133,28.83727152189657,-12.410171562590032,31.686390942670183,6.596002144439005
664040,"Lowe, Brandon","L","L",26.994055666641927,26.822607780804105,23.272994796578033,-0.17986815486578012,32.23182784486863,5.237772178226717
592663,"Realmuto, J.T.","R","R",30.465667901625352,27.353233227607458,26.56711299277072,-13.648600808203696,29.438302543585174,-1.0273653580401714
666158,"Lux, Gavin","L","L",34.023013955655095,26.92695459847298,24.906607150825526,-12.462529891473704,31.998769365969988,-2.0242445896851144
686681,"Massey, Michael","L","L",26.825969795545255,27.934788824269393,32.390034013163124,-3.2038568733937742,31.29627993841703,4.470310142871767
664023,"Happ, Ian","L","L",30.842829059102296,26.3129819817187,27.945479505485334,-5.304739710903822,33.323736561819615,2.4809075027173186
663616,"Larnach, Trevor","L","L",29.134780621563387,27.28559698861246,36.74157911159669,-0.9811331519808913,32.357209509035016,3.222428887471633
621493,"Ward, Taylor","R","R",31.728523392825778,26.43298672458042,22.209651753582424,-28.758768627926553,34.529043540317154,3.1194942173898
681481,"Carpenter, Kerry","L","L",32.46467433445977,29.976355291072803,23.19676586771474,-13.16270731788896,24.152972572791626,-8.31170176166814
672356,"Arias, Gabriel","R","R",29.87154068206521,35.27411006395917,25.724733357344356,-3.435018143382797,34.54914419892313,4.677603516857928
681082,"Stott, Bryson","L","L",26.908226651137785,24.18040733919324,37.24745250119033,-3.32154750025707,24.80937362035392,-2.0988530307838626
593428,"Bogaerts, Xander","R","R",18.443338149587106,28.19596185404725,27.801136887985255,-11.488317544640884,35.82761960831611,17.384281458728992
657557,"DeJong, Paul","R","R",26.45788787792386,26.252976702703116,27.19632542486717,-17.14271254653164,33.117812120819835,6.659924242895968
663538,"Hoerner, Nico","R","R",28.6628218289184,26.308856696441154,29.57562761952427,-9.064277742657394,26.986596831398757,-1.6762249975196468
700932,"Manzardo, Kyle","L","L",22.570532449008393,31.0455138876172,35.35762586794837,-4.349129363608024,33.86126674951493,11.29073430050655
686217,"Frelick, Sal","L","L",29.747245087933518,29.382616174002987,27.717747979192644,-10.48300702465774,25.693224131043447,-4.05402095689008
668901,"Vientos, Mark","R","R",25.6082290428404,29.759456937540826,28.279270769610974,-6.998876581157548,27.17969910691292,1.5714700640725177
687401,"Ortiz, Joey","R","R",30.688722991254746,28.010256674047696,29.93524375312751,-19.543188836585514,30.162351017528604,-0.5263719737261496
571970,"Muncy, Max","L","L",26.312384210676,28.657886447644348,23.2662977531006,0.004295139401152004,36.96679201898977,10.65440780831377
666624,"Morel, Christopher","R","R",27.590312031345594,26.685200097532043,24.78311269634442,-21.097118133420214,33.87130716580365,6.28099513445806
673237,"Diaz, Yainer","R","R",27.246565003393897,28.86519848627205,33.235384440753094,-0.0917630272482856,33.26624780670604,6.0196828033121434
687363,"Scott II, Victor","L","L",22.40996694605446,24.42332987372254,21.436114109750715,-44.78395360117029,28.574709975366527,6.164743029312071
596019,"Lindor, Francisco","L","L",25.771670041890967,27.522727684322764,26.82884516311204,-6.057613985902302,29.195229898246605,3.423559856355638
656555,"Hoskins, Rhys","R","R",31.474694323784888,27.614009638633885,25.33656376780692,-1.7741886561599833,33.17359533653986,1.6989010127549768
681351,"O'Hoppe, Logan","R","R",28.511797289565212,29.949088745853786,33.58196863436215,-6.943089189851773,32.900916877281375,4.389119587716166
665742,"Soto, Juan","L","L",25.308103831756146,28.586704181047075,43.01876871127213,-11.698883767183133,25.345517511463456,0.03741367970730991
666018,"Aranda, Jonathan","L","L",28.077727556096356,30.577828095947094,31.843954129157346,-20.954418724888566,29.011744376110425,0.9340168200140724
624424,"Conforto, Michael","L","L",24.739676219132573,28.89106250941738,32.368482838443306,-4.315349005593254,27.715580919411895,2.975904700279326
663624,"Mountcastle, Ryan","R","R",26.194537833590104,31.17225119560172,33.00667239686482,4.026554834485298,29.508086340319423,3.313548506729326
666149,"Fitzgerald, Tyler","R","R",26.915312755410348,25.201435184799962,32.18576719367298,-2.9096827361173667,32.01099073230807,5.095677976897733
683737,"Busch, Michael","L","L",32.018783777486334,26.078831438014763,31.608056839396014,-3.2311928042797216,33.90919250329541,1.890408725809074
672640,"Lopez, Otto","R","R",28.5590239626174,29.24408827467394,32.36503127060108,-0.7589314889884471,30.345900743922524,1.786876781305125
663728,"Raleigh, Cal","L","L",27.61321383481885,23.71996879946837,25.743248874635462,1.0399534076119699,34.480438351049756,7.18594391246851
621043,"Correa, Carlos","R","R",25.067445448901246,29.353810095417213,34.06599650709711,-2.2396174969402938,28.017492883246874,2.9500474343456276
650859,"Rengifo, Luis","L","L",18.279067355054494,26.36360142257166,31.057574769627486,-15.135953443300265,26.3347869016512,8.055719546596706
670770,"Friedl, TJ","L","L",31.77228979772398,24.775822565151326,32.19076647338109,-24.040406990331235,39.93159185430332,8.159302056579335
676059,"Westburg, Jordan","R","R",21.782362555477594,32.382601245909214,30.032808458352257,-8.215010152025343,30.891351567980557,9.10898901250296
678662,"Tovar, Ezequiel","R","R",29.5339222093837,24.00570623066205,35.24711975696245,0.4670774022930027,29.754536191822762,0.22061398243905472
573262,"Yastrzemski, Mike","L","L",28.0085021329845,24.69336463425192,22.625928886444548,-1.9901602799101532,28.34450277479453,0.33600064181004186
676475,"Burleson, Alec","L","L",31.58092767212407,22.69219953507552,22.882904959108792,-11.234598525532569,30.26552480595583,-1.3154028661682329
694384,"Schanuel, Nolan","L","L",29.522692911651603,23.88468365396861,32.21849977634761,3.699115273047922,28.658315851012688,-0.8643770606389154
670242,"Wallner, Matt","L","L",26.70694794698676,31.02749326852309,29.70308994570469,-42.347426137919946,34.70860537721836,8.001657430231607
672580,"Garcia, Maikel","R","R",30.86798988753339,25.785066950874807,31.73600731723733,1.9306968783708751,32.02876821743393,1.1607783299005376
663647,"Hayes, Ke'Bryan","R","R",33.11824938893993,25.90555576078059,24.045333222080316,-16.00650851015487,33.726675452355806,0.6084260634158625
668709,"Bleday, JJ","L","L",27.2092360176602,30.312486882729125,36.11899800967175,-7.3985734769328335,30.697003531516966,3.4877675138567668
668715,"Steer, Spencer","R","R",27.219959489605124,26.62463202927727,37.84996759588615,-4.969638791628927,32.034461922470754,4.814502432865638
670223,"Mervis, Matt","L","L",26.249516366164894,29.21943832771622,38.75701935838581,-13.976482308340072,33.518615452921935,7.269099086757052
609280,"Andujar, Miguel","R","R",27.910307761900246,30.70326573208491,25.869631456527088,-0.272703737362436,30.21060958546972,2.3003018235694768
805779,"Wilson, Jacob","R","R",28.16707460525029,26.662485228255065,29.22087636243582,-47.15583448641374,29.237548336216904,1.070473730966615
665833,"Cruz, Oneil","L","L",27.03089859322492,27.163825176138584,40.434622247656016,-10.917875198405214,36.81444429075578,9.783545697530869
669394,"Burger, Jake","R","R",23.028763752535134,33.62034342536935,23.357601121449505,-3.0941725100519237,30.456142488565078,7.427378736029937
657757,"Sheets, Gavin","L","L",30.544616953180466,29.676925782996072,20.430069969841217,-36.79117034006599,32.336915926975486,1.7922989737950132
650489,"Castro, Willi","L","L",32.40442473724032,23.570387594669647,26.863291191064707,-4.724543038081781,29.127307480344143,-3.277117256896176
647304,"Naylor, Josh","L","L",24.89151986619782,28.077516639996606,43.88592240734231,-3.222539350759146,25.20483523143892,0.31331536524109893
691777,"Muncy, Max","R","R",27.523276445533504,29.158984122117385,33.79786508725517,-23.986755678174358,31.724130676041348,4.6405763645564235
605141,"Betts, Mookie","R","R",24.073124324387773,27.31146056321732,26.891688289639898,-14.484982940986471,32.80598827830732,8.73286395391954
664774,"Wade Jr., LaMonte","L","L",30.462238992434422,23.898333726537995,26.4163936513755,-2.800827309425853,33.57954986266938,3.117310870234963
665966,"Narváez, Carlos","R","R",25.372236346170197,30.64245443961093,29.660231266127017,-7.321507063842992,29.609118409083255,4.236882062913061
502054,"Pham, Tommy","R","R",31.949627939496423,28.273064953509667,35.99645253906658,-5.590493891430076,31.775066069813526,-0.174561869682897
665052,"Conine, Griffin","L","L",30.993588273843717,30.561219181962514,33.44730632363274,-23.019279539553345,28.52188245289502,-2.4717058209486904
669127,"Langeliers, Shea","R","R",25.56443679838898,29.358574317435796,35.78102208415847,-13.226108597648617,32.206464284528025,7.059939492375442
467793,"Santana, Carlos","L","L",25.42324797968381,26.771612487486763,23.70628722013556,-26.11615962696161,35.032691435116455,9.999344550904304
666397,"Julien, Edouard","L","L",27.893572883493192,26.708707154744122,35.65712021264839,-3.190657979984619,29.793915113119695,1.900342229626503
624428,"Frazier, Adam","L","L",20.42604846624831,22.782539444873006,39.405977032068805,1.4513714498943078,22.530047018244165,2.103998551995854
680757,"Kwan, Steven","L","L",23.873312318796938,22.078651151524113,8.363717196037056,-13.055888196005737,29.756252114195515,5.882939795398585
700242,"Sweeney, Trey","L","L",26.782216824697706,27.58043239797226,23.099318709251136,-19.030626667930456,34.066813058713876,7.284596234016178
700250,"Rice, Ben","L","L",29.869097336238596,28.07435101236881,31.94792519825299,-26.097449453636685,29.47124063479073,-0.39785670144787133
672386,"Kirk, Alejandro","R","R",21.43033653228434,31.148163427403304,30.9556722932916,4.123737149635872,31.812832111530152,10.382495579245813
695238,"Wagner, Will","L","L",22.987860515387492,26.811219321382836,42.15358621586561,0.611560105868183,27.788710773343265,4.800850257955766
671277,"García Jr., Luis","L","L",26.95407101319445,27.93955827146424,31.795180229065586,-8.574145282658687,33.16942771978005,6.215356706585595
595879,"Báez, Javier","R","R",19.537754516208444,29.264522004312674,33.393003084815,-10.155640986100858,27.54493707631981,8.00718256011136
645277,"Albies, Ozzie","L","L",35.09752220161094,22.479410479543542,34.62720907724434,-41.516552275317615,36.12817225280986,1.0306500511989078
605137,"Bell, Josh","L","L",28.631245468298527,26.19026696863386,35.34393569506585,-10.794494483665543,25.76806417100569,-2.86318129729284
702176,"Roden, Alan","L","L",25.284942543549246,28.04202724607468,23.719073096320503,-32.78466821796166,35.9703034094374,10.685360865888153
690993,"Keith, Colt","L","L",23.370163918472603,30.336972930223784,29.756886822491346,-7.017085954492852,28.940710437914852,5.570546519442249
687952,"Encarnacion-Strand, Christian","R","R",29.312924490164335,26.92826574110436,26.642383703605663,-19.317203449893487,31.11883020087788,1.8059057107135388
641933,"O'Neill, Tyler","R","R",23.281909204707116,25.49032131085351,30.334910737172716,-6.917782216015188,32.436478719391864,9.15456951468476
600869,"Candelario, Jeimer","L","L",26.933935861167228,27.60170827744375,34.30942590008813,-9.532459595026513,30.320613570784573,3.3866777096173486
676694,"Meyers, Jake","R","R",30.17741468750763,32.49244169171578,31.998050758887914,-2.0615709805084736,29.422937289146187,-0.7544773983614377
672284,"Kelenic, Jarred","L","L",30.522291609253003,27.751744912667544,28.27687194409661,-11.720356299393218,30.35392011508528,-0.16837149416772945
542303,"Ozuna, Marcell","R","R",33.604149620372894,26.033048785613737,33.88659727685319,-23.63189140165135,31.66865055846391,-1.9354990619089953
643396,"Kiner-Falefa, Isiah","R","R",28.54627737282672,26.99451276583818,26.672090799859042,-27.49755634972223,28.846705190823755,0.3004278179970399
666134,"Jones, Nolan","L","L",26.35051309079968,26.907197152153053,30.690571952972114,-7.387741652729544,31.69054043731927,5.340027346519584
686611,"Crews, Dylan","R","R",29.12893014292499,26.973612081487637,29.595784525033945,-14.681962991484694,28.048833976333917,-1.0800961665910744
665804,"Amaya, Miguel","R","R",28.96980892380006,26.858500105804712,40.548257926663865,-4.145612172257849,31.545738745078133,2.5759298212780735
608070,"Ramírez, José","L","L",28.853080578171312,21.592204276788415,26.8270455425813,-12.228469578782498,31.755290606668083,2.9022100284967713
693307,"Dingler, Dillon","R","R",25.275327428921734,28.732579752057486,36.147446110521535,-10.798838760021379,29.214514027781046,3.939186598859319
592626,"Pederson, Joc","L","L",29.43119042080474,26.665281418938502,24.453288771077116,-12.66721275914269,29.552815402066326,0.12162498126158283
664238,"Moore, Dylan","R","R",21.529433667009904,30.190243084066616,35.73289062044267,0.043995196221446556,28.366809995185267,6.83737632817536
672695,"Perdomo, Geraldo","L","L",16.926359837126974,26.122817588694254,40.56038041625431,-6.642590020329126,25.128901233339427,8.20254139621246
664056,"Bader, Harrison","R","R",30.13330809274586,28.031582562173902,21.02884610713568,-10.317356134656778,34.06790738926238,3.9345992965165166
666176,"Adell, Jo","R","R",24.880934694429385,27.607847405196665,36.49230673901983,-11.598199568397684,24.601854283239785,-0.2790804111896037
683146,"Baty, Brett","L","L",29.92802478369963,29.95034431213294,24.40842881360456,-8.190319496681955,27.618254893296857,-2.309769890402773
571771,"Hernández, Enrique","R","R",28.896484071759378,32.24817911298113,20.03147250926928,-6.205950996410358,31.630700043864092,2.7342159721047175
677950,"Thomas, Alek","L","L",20.97494316887252,27.57136408148766,18.103779082121505,-26.847769640877495,34.520462440221216,13.545519271348699
620443,"Torrens, Luis","R","R",26.851216345667698,29.846881784609288,33.3961808514117,-12.6500224239084,27.326358572332857,0.4751422266651595
669364,"Edwards, Xavier","L","L",17.311651885138993,24.313410333666553,28.553194148765808,-9.83137635981729,26.9344952018263,9.622843316687309
676572,"Wagaman, Eric","R","R",22.722870221249835,28.946075196726298,28.979642707276216,-1.4302292865643795,32.40180838497749,9.678938163727654
543807,"Springer, George","R","R",26.923141465735583,27.05723953001937,28.299500342889296,-6.558098644417597,21.83717517705312,-5.0859662886824655
672515,"Moreno, Gabriel","R","R",28.953729256147035,26.57787154200131,33.58079457404298,-14.811558264117249,31.5263457883728,2.572616532225773
641584,"Fraley, Jake","L","L",28.523378010522563,28.782225055803767,26.00058519750882,-11.921759541461766,28.978894897477577,0.4555168869550137
686780,"Pagés, Pedro","R","R",28.834940099003024,28.265466070558954,27.714273527671175,-7.754079960181954,38.332740975215934,9.497800876212903
457705,"McCutchen, Andrew","R","R",31.309490354566424,27.969259931026997,33.89800837303728,-7.220931545569567,25.89150510867764,-5.417985245888779
656811,"O'Hearn, Ryan","L","L",25.277097634076437,29.296467339262666,27.070883243410254,-3.1495738793292043,27.440896497233673,2.1637988631572327
683002,"Henderson, Gunnar","L","L",25.5782600816039,27.222454016516807,29.547678482232993,-4.524825092478928,34.678888980994955,9.100628899391054
701358,"Smith, Cam","R","R",22.632397102210607,31.253666214181365,33.44039752258425,-3.8356611917877164,27.34815029846623,4.715753196255623
669003,"Mitchell, Garrett","L","L",32.096897864676116,28.202689464121164,23.459264177874413,-25.21978026855331,28.473702024804584,-3.6231958398715367
663968,"Mangum, Jake","L","L",25.46769626903356,28.65376462996593,23.727878891193892,-0.8281524679200908,20.663966064825907,-4.803730204207657
702616,"Holliday, Jackson","L","L",25.828003950609332,29.316838559859324,31.350800675432478,-1.4573383042725812,22.555338603748403,-3.2726653468609275
666310,"Naylor, Bo","L","L",26.412862498041804,31.100946235839945,28.812096156710087,-23.05970113984315,36.00358413284487,9.59072163480307
656976,"Smith, Pavin","L","L",28.15638960056447,28.717605898528504,30.48852214055847,-5.322998984090777,30.145571100898625,1.9891815003341584
643217,"Benintendi, Andrew","L","L",31.35066108203242,22.35101726520108,21.74712677907512,-29.59826169906208,35.4530828083681,4.102421726335681
621438,"Taylor, Tyrone","R","R",28.357970457671442,26.214159162498373,30.842119882251055,-14.423945575214683,31.70217360266135,3.3442031449899083
680777,"Jeffers, Ryan","R","R",28.747042890372786,27.801298517446114,34.93400821502176,-3.4382139191384464,26.769245775746697,-1.9777971146260818
670224,"Misner, Kameron","L","L",26.403395442520328,29.39176360424353,29.41852547434199,-6.937223070581528,34.63455016640368,8.23115472388336
656537,"Hill, Derek","R","R",26.845230936306017,27.700975926319206,16.195285064916444,3.246391350093675,30.3015947973069,3.4563638610008844
571657,"Farmer, Kyle","R","R",27.038973443213273,27.667870410019592,29.444064267416994,-1.7938272218186155,31.700385898105832,4.6614124548925595
570482,"Urshela, Gio","R","R",30.80929045654138,28.654925688247364,26.872033218512996,-12.324189494693702,31.52660494540686,0.7173144888654868
669257,"Smith, Will","R","R",30.772989597100736,28.302331089426357,21.31383410785823,-12.325123113116915,29.736330390575116,-1.03665920652562
664728,"Isbel, Kyle","L","L",27.99442840422443,26.226007683778075,25.51154844829021,-9.892455138435055,30.004120513030546,2.009692108806121
682829,"De La Cruz, Elly","L","L",28.642120029936233,33.391137743570965,30.877170168268467,-37.3788973492467,38.32028456841034,9.678164538474107
669911,"Toglia, Michael","L","L",26.408057462719764,29.849166296206413,32.978602129611225,-6.381862636875289,29.973718259078133,3.565660796358369
578428,"Iglesias, Jose","R","R",19.93571447948643,26.7879266267537,33.15554052564826,-17.359989154224152,23.948874028521793,4.0131595490353575
681460,"Baldwin, Brooks","L","L",29.947146401106743,31.36960411210645,25.732438030216617,-3.4404340399842734,30.219733003183478,0.2725866020767356
669242,"Edman, Tommy","L","L",28.991707884071523,24.61999260907401,23.344613029870626,-12.442066784547519,30.805501408727352,1.8137935246558357
669004,"Melendez, MJ","L","L",29.018220647371592,29.76636266096403,30.735220464885007,-16.770086766944864,28.362339684112285,-0.6558809632593068
807713,"Shaw, Matt","R","R",28.909973226747837,33.22963464761504,19.63941341086168,1.9763000725958364,24.696394032608943,-3.7768225283085535
665750,"Taveras, Leody","L","L",28.872611179843787,28.742038328554198,31.706306203267108,-6.596355801965301,29.753137355525638,0.8805261756818403
650559,"De La Cruz, Bryan","R","R",29.675648748782766,27.183352631412525,34.07820799637603,-10.874698264836338,27.419195095686653,-2.2564536530961092
457759,"Turner, Justin","R","R",33.262967682328565,20.764771201780658,16.53339706629769,-26.750495638816364,33.09006067215599,-0.17290701017256538
686668,"Doyle, Brenton","R","R",23.8256425554877,28.387196816358564,42.281528454406214,-5.707009097673695,26.20418308749292,2.3785405320052178
666160,"Moniak, Mickey","L","L",25.17162194571295,31.503154065663136,32.60422774435384,-12.84709373715541,27.351933841756864,2.1803118960439107
669234,"Malloy, Justyn-Henry","R","R",30.649159258408,28.85273058560529,29.81952874711552,4.912130953593615,32.19742788340535,1.5482686249973483
677347,"Paris, Kyren","R","R",37.701968142470015,25.273529224426717,21.70899271882939,-52.58107431590861,25.873572166315384,-11.828395976154642
668939,"Rutschman, Adley","L","L",26.5005547802716,26.773559589371626,39.144219776980094,-17.532098539929994,27.715105142829024,1.214550362557425
665828,"Cabrera, Oswaldo","L","L",24.66222260165572,26.924978618696755,34.12378307170961,-11.458921224962372,28.883376590655132,4.221153988999404
694671,"Langford, Wyatt","R","R",28.353130076373727,29.37602452339206,26.153931792086663,1.525999488255632,33.17697224252442,4.823842166150687
641313,"Anderson, Tim","R","R",18.328447364120382,28.351122417782324,28.456220216604244,-7.277556004545707,28.963618036795992,10.635170672675613
665155,"Maton, Nick","L","L",30.31915586952606,22.370325648558975,30.717435420621495,-29.212890470417374,37.4829726843181,7.1638168147920425
663757,"Grisham, Trent","L","L",32.83781953853444,31.371151307109642,20.500707867896566,-20.838115045874883,25.24727101027393,-7.590548528260507
672275,"Bailey, Patrick","L","L",30.435132315364985,28.86533459979461,29.38211830209462,-18.937728225696745,33.14539355516046,2.710261239795475
660688,"Ruiz, Keibert","L","L",34.435612062172396,24.74446267429872,27.2612436051023,-26.519231684075056,37.588722349607906,3.1531102874355135
518692,"Freeman, Freddie","L","L",29.279852328562093,29.458008464107145,32.844306212040664,-0.6175448538723598,27.62381155190821,-1.6560407766538834
605361,"Martini, Nick","L","L",29.289511037122008,28.380557833191094,29.361535576487316,-19.41358559752836,25.886973401531293,-3.402537635590722
663898,"Rodgers, Brendan","R","R",25.335311096507958,28.675303699247557,34.45359818302541,-17.126450028295547,35.744697821816914,10.409386725308956
650402,"Torres, Gleyber","R","R",32.45127018638375,26.3636073579857,26.87897501941051,-35.710458654361936,31.93119390709144,-0.5200762792923115
678877,"Noel, Jhonkensy","R","R",28.19427179410448,33.854503933138275,42.027772785568914,0.3351294479593203,37.585193847285325,9.390922053180844
592178,"Bryant, Kris","R","R",27.526932065937384,28.090839300469277,35.94626903265781,-6.597111480471274,31.74658561635245,4.219653550415067
670764,"Walls, Taylor","L","L",26.559675450985832,27.03057612178127,31.563455585051674,-1.419695888508827,22.82848996330388,-12.013961647492618
641680,"Heim, Jonah","L","L",29.512662891578874,31.701505731534564,24.00644439918126,-17.113282986665354,27.944958342114987,-1.5677045494638886
691176,"Domínguez, Jasson","L","L",26.09916505628206,23.560742677050843,20.428424712919867,-23.212253406416366,30.965218779573107,4.866053723291039
691728,"Veen, Zac","L","L",28.98109903875009,29.769322055897508,20.615695688939773,-6.418063863759157,26.12181849136124,-2.8592805473888525
664983,"McCarthy, Jake","L","L",29.191435864866776,31.36835155499373,22.67925284736791,-21.422922079366554,29.155925268351517,-0.035510596515258896
669364,"Edwards, Xavier","R","R",16.14340800160091,24.092389533500388,27.647685288707002,-10.651928888817851,30.332981259299615,14.189573257698711
677587,"Rocchio, Brayan","L","L",27.22981852051036,22.893676386625117,35.14338089045213,-3.8991497750559425,34.74703551635282,7.51721699584245
607732,"Stallings, Jacob","R","R",26.21273688575608,28.792307756877804,28.850976422490533,-17.283646633861597,28.324244553226322,2.8684384538926366
691176,"Domínguez, Jasson","R","R",28.562173761464415,24.264600304649072,21.545671949874354,-28.196942744528975,29.514723373342495,0.9525496118780801
663728,"Raleigh, Cal","R","R",25.158248606446822,25.16569919079859,25.474145480528126,-2.5088198569830964,40.83189078132785,16.252409896120234
687597,"Beck, Jordan","R","R",24.39459657633103,30.72129075722856,31.301585024132187,-8.77641199864861,29.17178048935857,4.777183913027542
664023,"Happ, Ian","R","R",28.069557149227787,29.211299907154274,25.315157940667287,1.3983395944857118,34.64223250441683,6.572675355189048
545341,"Grichuk, Randal","R","R",24.79200763387155,28.783489916669403,33.291103347023096,-30.676684919838024,33.329754102370245,8.537746468498696
641658,"Hampson, Garrett","R","R",33.88729023475945,28.44020652568221,17.063465548794266,-18.429121480892153,32.15035332075256,-1.7369369140068898
668804,"Reynolds, Bryan","R","R",30.950125296208203,29.094235543269097,31.635615389333978,-0.03839677972196365,27.068170164077635,-3.881955132130564
669911,"Toglia, Michael","R","R",22.10642678241849,30.5162399091568,33.54125890559979,-4.180092481947214,30.776930322656764,8.670503540238272
672724,"Peraza, Oswald","R","R",27.042845305568793,27.827007376455178,32.419068410555646,-8.2231450864176,32.129715953651456,5.086870648082666
682829,"De La Cruz, Elly","R","R",30.1054620248942,32.884691735997755,32.38177454521114,-31.44879691277544,39.29481601518709,9.189353990292886
656248,"Bouchard, Sean","R","R",27.351751789541478,26.315035035805817,35.63168710319637,0.48389403811239873,30.62703145645364,3.275279666912162
677587,"Rocchio, Brayan","R","R",22.44579725495292,27.72268749022913,35.87516490933919,-6.3030827708184685,32.48510927733447,10.039312022381559
600869,"Candelario, Jeimer","R","R",27.118756527133446,26.778103913929282,36.230015704047574,-4.5864956241962265,31.37731463944972,4.258558112316276
660688,"Ruiz, Keibert","R","R",29.50405898123796,30.93698221457995,30.056616887342766,-19.548827977781208,35.30493303525797,6.6876258745528645
467793,"Santana, Carlos","R","R",28.647756219593745,28.105758909829213,27.604805884071318,-24.83066857926865,32.03205107340677,3.3842948538130244
645277,"Albies, Ozzie","R","R",33.91603158497797,18.133465766878132,27.29476150242552,-53.524047210167396,30.227391399453314,-3.6886401855246618
608070,"Ramírez, José","R","R",28.756245671195146,25.80017902550981,27.837296203473688,-7.120261513208052,34.219329281161635,5.4630836099664855
669242,"Edman, Tommy","R","R",26.06974163284282,28.867888932077882,23.47587679691754,-5.7456833800023865,29.912600340394164,3.8428587075513434
605137,"Bell, Josh","R","R",31.91221691814224,27.0466628905344,26.512147440333386,-18.89346216215682,23.722430647931848,-8.189786270210393
663968,"Mangum, Jake","R","R",23.278189785831355,28.460907540538095,26.690100088538237,-0.12578658302958745,24.07418031427331,0.7959905284419548
672275,"Bailey, Patrick","R","R",28.727862241156966,27.650736739521687,26.77896833671492,-10.171672673574317,28.652203853279808,-0.07565838787715862
670764,"Walls, Taylor","R","R",30.168443060715937,24.556361830661707,28.343462437880618,-8.408616873776909,26.04083946706116,-4.127603593654779
623993,"Santander, Anthony","R","R",23.315919307199387,27.912931721771834,30.037103020595683,-5.291327680913227,28.690787195641068,5.374867888441681
672695,"Perdomo, Geraldo","R","R",20.737856646018294,26.71149923520374,42.18528140593411,-13.13507579900224,26.235832357921947,5.497975711903653
606466,"Marte, Ketel","L","L",33.72213705802184,23.85667325452878,22.172995808909413,-11.591337101558116,39.696167719959504,5.974030661937661
596019,"Lindor, Francisco","R","R",25.864290206433193,27.12263227567809,26.20930867128193,-10.401821076546518,32.68630243893457,6.8220122325013755
650489,"Castro, Willi","R","R",33.698211622875654,27.90880761154542,25.85064295426517,0.3844437248002984,30.53962487829693,-3.1585867445787237
606466,"Marte, Ketel","R","R",29.47724294696779,24.06380746697121,19.683429689017565,5.98579446670901,40.24372366269729,10.7664807157295
668939,"Rutschman, Adley","R","R",27.155628453253865,27.02574649226603,40.33527077853893,-3.0992741905517756,27.3108384409647,0.15520998771083327
650859,"Rengifo, Luis","R","R",17.250492661739596,27.122081150598525,36.60089785676335,-18.448986711138584,29.169174031033794,11.918681369294198
641680,"Heim, Jonah","R","R",28.4631884645764,32.510752654867176,24.843174653731744,-6.30881389981317,26.638227934991047,-1.824960529585356
665828,"Cabrera, Oswaldo","R","R",26.01921282679081,28.531615016352337,32.14249379510548,-10.20168140243844,24.676442934257203,-1.3427698925336067
681460,"Baldwin, Brooks","R","R",31.174427257541815,30.567499201312064,25.787941774380343,0.3900920665947789,29.087258759355283,-2.0871684981865393
665750,"Taveras, Leody","R","R",30.090143075311367,29.735192183747657,33.08177641329213,1.7964648197793922,34.94352064827921,4.853377572967844